{"typ záznamu": "Archiválie", "signatura": "I 11602", "druh": "pozitiv", "obsah": "Pohled na stavbu pěší lávky pro dělníky pod stavbou nového Helmovského jezu. V pozadí Nové mlýny na Novém Městě a most císaře Františka Josefa I.", "datace": "23.4.1909", "zobrazeno": "110x", "xid": "00144678EF6211E5A520000C76270B94", "rejstříkové záznamy": [{"typ": "Dílo", "obsah": "most císaře Františka Josefa I. (řetězový); Eliščin, Štefánikův, Leoše Janáčka, Švermův"}, {"typ": "Dílo", "obsah": "Nové mlýny (Praha-Nové Město)"}, {"typ": "Místo", "obsah": "Holešovice (Praha)"}, {"typ": "Místo", "obsah": "Nové Město (Praha)"}, {"typ": "Místo", "obsah": "ostrov Štvanice"}, {"typ": "Místo", "obsah": "Vltava"}, {"typ": "Věc. objekt", "obsah": "jezy (vodní díla)"}]}