{"typ záznamu": "Archiválie", "signatura": "VIII 1220", "druh": "negativ", "obsah": "Celkový pohled od západu přes Vltavu na Rudolfinum před dokončením (dům čp. 79 na Starém Městě) na Starém Městě.", "autor": "Eckert, Jindřich (1833-1905)", "datace": "kol.1884", "zobrazeno": "25x", "xid": "002322E8769411E2BF17525400E46D25", "rejstříkové záznamy": [{"typ": "Dílo", "obsah": "dům čp. 79 (Praha-Staré Město); Rudolfinum"}, {"typ": "Místo", "obsah": "Alšovo nábřeží"}, {"typ": "Místo", "obsah": "Staré Město (Praha)"}, {"typ": "Místo", "obsah": "Vltava"}, {"typ": "Osoba", "obsah": "Eckert, Jindřich (1833-1905)"}]}