{"typ záznamu": "Archiválie", "signatura": "I 9639", "druh": "pozitiv", "obsah": "Panoramatický pohled na Hlubočepy a okolí. V pozadí železniční viadukt (Pražský Semmering), Prokopské údolí.", "autor": "Alexander, Antonín (1892-působnost do 1948)", "datace": "7.5.1925", "zobrazeno": "90x", "xid": "003EFE5621E311E2A1E8406186009F3A", "rejstříkové záznamy": [{"typ": "Dílo", "obsah": "viadukt Buštěhradské dráhy v Prokopském údolí; Pražský Semmering"}, {"typ": "Místo", "obsah": "Hlubočepy"}, {"typ": "Místo", "obsah": "Prokopské údolí"}, {"typ": "Osoba", "obsah": "Alexander, Antonín (1892-působnost do 1948)"}]}