{"typ záznamu": "Archiválie", "signatura": "VIII 1347", "druh": "negativ", "obsah": "Pohled do interiéru domu čp. 1012 na Starém Městě na Národní třídě (kavárna Slávia) - kavárenský salon.", "autor": "Eckert-ateliér", "datace": "6.10.1905", "zobrazeno": "57x", "xid": "006F2F2887DA11E2BF21525400E46D25", "rejstříkové záznamy": [{"typ": "Dílo", "obsah": "dům čp. 1012 (Praha-Staré Město)"}, {"typ": "Místo", "obsah": "Národní třída"}, {"typ": "Místo", "obsah": "Staré Město (Praha)"}, {"typ": "Osoba", "obsah": "Eckert-ateliér"}, {"typ": "Věc. objekt", "obsah": "kavárna Slávia"}]}