{"typ záznamu": "Archiválie", "signatura": "IX 243 a", "druh": "negativ", "obsah": "Průhled Královskou ulicí (dnes Sokolovská) k východu - k viaduktu. Zleva domy čp. 41 (část), 200, 204... v Karlíně. V popředí koňka.", "autor": "Bellmann-ateliér", "datace": "1895-1900", "zobrazeno": "91x", "xid": "009B90FC306C11E99E6A74D435EEBE90", "rejstříkové záznamy": [{"typ": "Dílo", "obsah": "dům čp. 200 (Praha-Karlín)"}, {"typ": "Dílo", "obsah": "dům čp. 204 (Praha-Karlín)"}, {"typ": "Dílo", "obsah": "dům čp. 41 (Praha-Karlín)"}, {"typ": "Místo", "obsah": "Karlín (Praha)"}, {"typ": "Místo", "obsah": "Sokolovská ulice"}, {"typ": "Osoba", "obsah": "Bellmann-ateliér"}]}