{"typ záznamu": "Archiválie", "signatura": "I 11029", "druh": "pozitiv", "obsah": "Celkový pohled na dům čp. 42 ve Strašnicích (bývalá škola, později obecní úřad).", "autor": "Alexander, Antonín (1892-působnost do 1948)", "datace": "14.9.1942", "zobrazeno": "66x", "xid": "014E5E783F3311E4B4E9406186009F3A", "rejstříkové záznamy": [{"typ": "Dílo", "obsah": "dům čp. 42 (Praha-Strašnice); škola, obecní úřad"}, {"typ": "Místo", "obsah": "Strašnice"}, {"typ": "Osoba", "obsah": "Alexander, Antonín (1892-působnost do 1948)"}]}