{"typ záznamu": "Archiválie", "signatura": "I 9842", "druh": "pozitiv", "obsah": "Pohled do vstupního průjezdu Schönbornského paláce - domu čp. 365 na Malé Straně.", "autor": "Vojta, Tomáš (1885-1934)", "datace": "červen 1931", "zobrazeno": "27x", "xid": "0169865779DF11E3B274406186009F3A", "rejstříkové záznamy": [{"typ": "Dílo", "obsah": "dům čp. 365 (Praha-Malá Strana); Schönbornský palác"}, {"typ": "Místo", "obsah": "Malá Strana"}, {"typ": "Osoba", "obsah": "Vojta, Tomáš (1885-1934)"}]}