{"typ záznamu": "Archiválie", "signatura": "V 1/5 a", "druh": "pozitiv", "obsah": "Pohled na bourání domu čp. 16 na Starém Městě (Andělská kolej) při asanaci. V pozadí nad jeho zbytky domy čp. 18, čp. 17, čp. 14 a čp. 13 v Mikulášské ulici (dnes náměstí Franze Kafky).", "autor": "Kříženecký, Jan (1868-1921)", "datace": "3.4.1909", "zobrazeno": "71x", "xid": "01BEC72D808611E4AAB4406186009F3A", "rejstříkové záznamy": [{"typ": "Dílo", "obsah": "dům čp. 13 (Praha-Staré Město)"}, {"typ": "Dílo", "obsah": "dům čp. 14 (Praha-Staré Město)"}, {"typ": "Dílo", "obsah": "dům čp. 16 (Praha-Staré Město); Andělská kolej"}, {"typ": "Dílo", "obsah": "dům čp. 17 (Praha-Staré Město)"}, {"typ": "Dílo", "obsah": "dům čp. 18 (Praha-Staré Město)"}, {"typ": "Místo", "obsah": "náměstí Franze Kafky"}, {"typ": "Místo", "obsah": "Staré Město (Praha)"}, {"typ": "Osoba", "obsah": "Kříženecký, Jan (1868-1921)"}, {"typ": "Věc. objekt", "obsah": "Asanace"}]}