{"typ záznamu": "Archiválie", "signatura": "I 9748", "druh": "pozitiv", "obsah": "Pohled na dům čp. 490 (palác Metychů z Čečova - Hrzánský) na Velkopřevorském náměstí na Malé Straně v zimě.", "autor": "Rázek, Antonín", "datace": "kol.1920", "zobrazeno": "28x", "xid": "01C46EEB04FC11E3A4F66C626D41E503", "rejstříkové záznamy": [{"typ": "Dílo", "obsah": "dům čp. 490 (Praha-Malá Strana); palác Metychů z Čečova - Hrzánský"}, {"typ": "Místo", "obsah": "Malá Strana"}, {"typ": "Místo", "obsah": "Velkopřevorské náměstí"}, {"typ": "Osoba", "obsah": "Rázek, Antonín"}]}