{"typ záznamu": "Archiválie", "signatura": "I 9740", "druh": "pozitiv", "obsah": "Pohled na spodní část průčelí domu čp. 228 v Husově ulici na Starém Městě - odkrytý pozdně gotický portál a nad ním nově osazená deska s domovním znamením s plastikou tygra z umělého kamene (\"Skořepova plzeňská pivnice \"U Zlatého tygra\").", "autor": "Alexander, Antonín (1892-působnost do 1948)", "datace": "6.12.1935", "zobrazeno": "58x", "xid": "01DC38A404D811E3A4F66C626D41E503", "rejstříkové záznamy": [{"typ": "Dílo", "obsah": "dům čp. 228 (Praha-Staré Město)"}, {"typ": "Místo", "obsah": "Husova ulice"}, {"typ": "Místo", "obsah": "Staré Město (Praha)"}, {"typ": "Osoba", "obsah": "Alexander, Antonín (1892-působnost do 1948)"}, {"typ": "Věc. objekt", "obsah": "domovní znamení"}]}