{"typ záznamu": "Archiválie", "signatura": "I 11633", "druh": "pozitiv", "obsah": "Pohled na úpravu vtavského koryta mezi Korunním ostrovem a ostrovem Štvanice pro připravovanou stavbu plavebních komor. V popředí pěší lávka a v pozadí most císaře Františka Josefa I.", "datace": "2.7.1908", "zobrazeno": "92x", "xid": "01DF1057F71F11E5A524000C76270B94", "rejstříkové záznamy": [{"typ": "Dílo", "obsah": "most císaře Františka Josefa I. (řetězový); Eliščin, Štefánikův, Leoše Janáčka, Švermův"}, {"typ": "Dílo", "obsah": "pěší lávka (Korunní ostrov-ostrov Štvanice)"}, {"typ": "Místo", "obsah": "Holešovice (Praha)"}, {"typ": "Místo", "obsah": "Korunní ostrov"}, {"typ": "Místo", "obsah": "Nové Město (Praha)"}, {"typ": "Místo", "obsah": "ostrov Štvanice"}, {"typ": "Místo", "obsah": "Vltava"}, {"typ": "Věc. objekt", "obsah": "plavební komory"}]}