{"typ záznamu": "Archiválie", "signatura": "VIII 1129", "druh": "negativ", "obsah": "Pohled do interiéru domu čp. 223 (Svatováclavská záložna) v Karlově ulici na Starém Městě - restaurace.", "autor": "Eckert, Jindřich (1833-1905)", "datace": "kol.1890", "zobrazeno": "35x", "xid": "01F1A8D1A4BA11E1BEEC000C766D2371", "rejstříkové záznamy": [{"typ": "Dílo", "obsah": "dům čp. 223 (Praha-Staré Město); Svatováclavská záložna"}, {"typ": "Místo", "obsah": "Karlova ulice"}, {"typ": "Místo", "obsah": "Staré Město (Praha)"}, {"typ": "Osoba", "obsah": "Eckert, Jindřich (1833-1905)"}]}