{"typ záznamu": "Archiválie", "signatura": "I 12043", "druh": "pozitiv", "obsah": "Pohled na osvětlenou Staroměstskou radnici při příležitosti 10. výročí samostatnosti Československé republiky.", "autor": "Vopravil, Josef (1902-1972)", "datace": "28.10.1928", "zobrazeno": "58x", "xid": "0225236C124111E8A338406186009F3A", "rejstříkové záznamy": [{"typ": "Dílo", "obsah": "dům čp. 1 (Staré Město, Praha, Česko : radnice : 1338-)"}, {"typ": "Místo", "obsah": "Staré Město (Praha)"}, {"typ": "Místo", "obsah": "Staroměstské náměstí"}, {"typ": "Osoba", "obsah": "Vopravil, Josef (1902-1972)"}, {"typ": "Věc. objekt", "obsah": "osvětlení slavnostní"}]}