{"typ záznamu": "Archiválie", "signatura": "I 11085", "druh": "pozitiv", "obsah": "Pohled na usedlost Mydlářka (čp. 12) v ulici Na Vlčovce v Dejvicích.", "autor": "Hnilička, Eduard (1887-1967)", "datace": "1958", "zobrazeno": "57x", "xid": "022DDEED7F8811E4A56A406186009F3A", "rejstříkové záznamy": [{"typ": "Dílo", "obsah": "dům čp. 12 (Praha-Dejvice)"}, {"typ": "Místo", "obsah": "Dejvice"}, {"typ": "Místo", "obsah": "ulice Na Vlčovce"}, {"typ": "Osoba", "obsah": "Hnilička, Eduard (1887-1967)"}]}