{"typ záznamu": "Archiválie", "signatura": "X 2140", "druh": "negativ", "obsah": "Pohled na Václavské náměstí od ústí Vodičkovy ulice (z patra domu čp. 791-II) k Národnímu muzeu.", "autor": "Reach, Zikmund (1859-1935)", "datace": "1910", "zobrazeno": "75x", "xid": "023BE336990811E5BFC4406186009F3A", "rejstříkové záznamy": [{"typ": "Dílo", "obsah": "dům čp. 1700 (Praha-Nové Město); Národní muzeum"}, {"typ": "Místo", "obsah": "Nové Město (Praha)"}, {"typ": "Místo", "obsah": "Václavské náměstí"}, {"typ": "Osoba", "obsah": "Reach, Zikmund (1859-1935)"}, {"typ": "Věc. objekt", "obsah": "automobily"}, {"typ": "Věc. objekt", "obsah": "koně (savci)"}, {"typ": "Věc. objekt", "obsah": "osvětlení"}, {"typ": "Věc. objekt", "obsah": "povozy"}, {"typ": "Věc. objekt", "obsah": "Reachova sbírka"}, {"typ": "Věc. objekt", "obsah": "tramvaje (kolejová vozidla)"}]}