{"typ záznamu": "Archiválie", "signatura": "V 69/5 a", "druh": "pozitiv", "obsah": "Pohled na část jižního průčelí Staroměstské radnice při restaurování orloje (dům čp. 1 na Starém Městě) na Staroměstském náměstí. Detail levé fiály před opravou.", "autor": "Kříženecký, Jan (1868-1921)", "datace": "11.9.1911", "zobrazeno": "36x", "xid": "0282D68E90E311E8B3B474D435EEBE90", "rejstříkové záznamy": [{"typ": "Dílo", "obsah": "dům čp. 1 (Staré Město, Praha, Česko : radnice : 1338-)"}, {"typ": "Dílo", "obsah": "Staroměstský orloj (Praha-Staré Město)"}, {"typ": "Místo", "obsah": "Staré Město (Praha)"}, {"typ": "Místo", "obsah": "Staroměstské náměstí"}, {"typ": "Osoba", "obsah": "Kříženecký, Jan (1868-1921)"}]}