{"typ záznamu": "Archiválie", "signatura": "VIII 1405", "druh": "negativ", "obsah": "Pohled do interiéru domu čp. 459 (Richterův dům) na Malém náměstí Starém Městě - stará telefonní centrála.", "autor": "Eckert, Jindřich (1833-1905)", "poznámka": "Eckert, Jindřich - Eckert-ateliér (repro)", "zobrazeno": "29x", "xid": "02DCE9DB8B1C11E2BF22525400E46D25", "rejstříkové záznamy": [{"typ": "Dílo", "obsah": "dům čp. 459 (Praha-Staré Město)"}, {"typ": "Místo", "obsah": "Malé náměstí"}, {"typ": "Místo", "obsah": "Staré Město (Praha)"}, {"typ": "Osoba", "obsah": "Eckert-ateliér"}, {"typ": "Osoba", "obsah": "Eckert, Jindřich (1833-1905)"}]}