{"typ záznamu": "Archiválie", "signatura": "VIII 1427", "druh": "negativ", "obsah": "Pohled do interiéru elektrárny v Holešovicích (městská centrála) krátce po dostavění roku 1900 - strojírna.", "autor": "Eckert, Jindřich (1833-1905)", "datace": "po 1900", "zobrazeno": "44x", "xid": "02F65BF58D5C11E2BF25525400E46D25", "rejstříkové záznamy": [{"typ": "Dílo", "obsah": "dům čp. 1 (Praha-Holešovice); elektrárna"}, {"typ": "Místo", "obsah": "Holešovice (Praha)"}, {"typ": "Osoba", "obsah": "Eckert, Jindřich (1833-1905)"}, {"typ": "Věc. objekt", "obsah": "elektrické podniky"}]}