{"typ záznamu": "Archiválie", "signatura": "VIII 1296", "druh": "negativ", "obsah": "Pohled novostavbu elektrárny v Holešovicích (městská centrála).", "autor": "Eckert, Jindřich (1833-1905)", "datace": "1900-1901", "zobrazeno": "57x", "xid": "02F65BF48D5C11E2BF25525400E46D25", "rejstříkové záznamy": [{"typ": "Dílo", "obsah": "dům čp. 1 (Praha-Holešovice); elektrárna"}, {"typ": "Místo", "obsah": "Holešovice (Praha)"}, {"typ": "Osoba", "obsah": "Eckert, Jindřich (1833-1905)"}, {"typ": "Věc. objekt", "obsah": "elektrické podniky"}]}