{"typ záznamu": "Archiválie", "signatura": "VIII 1317", "druh": "negativ", "obsah": "Pohled na práce při stavbě kanalizace v místech dnešního Dvořákova nábřeží (staroměstské stoky) - staveniště s rozestavěnými šachtami. V pozadí za řekou svah Letné.", "autor": "Eckert, Jindřich (1833-1905)", "datace": "kol.1900", "zobrazeno": "35x", "xid": "03071EE285AE11E2BF1F525400E46D25", "rejstříkové záznamy": [{"typ": "Místo", "obsah": "Dvořákovo nábřeží"}, {"typ": "Místo", "obsah": "Letná"}, {"typ": "Místo", "obsah": "Staré Město (Praha)"}, {"typ": "Osoba", "obsah": "Eckert, Jindřich (1833-1905)"}, {"typ": "Věc. objekt", "obsah": "kanalizace (soustavy pro svod odpadů)"}]}