{"typ záznamu": "Archiválie", "signatura": "I 9913", "druh": "pozitiv", "obsah": "Pohled do dvora domu čp. 181 v Karlově ulici na Starém Městě.", "autor": "Klíma, Alois, Ing. (1873-1955)", "poznámka": "Klíma, Alois - Jelínková, Jana (repro)", "zobrazeno": "26x", "xid": "0312281FA53D11E39D6DD4BED94BB14D", "rejstříkové záznamy": [{"typ": "Dílo", "obsah": "dům čp. 181 (Praha-Staré Město)"}, {"typ": "Místo", "obsah": "Karlova ulice"}, {"typ": "Místo", "obsah": "Staré Město (Praha)"}, {"typ": "Osoba", "obsah": "Jelínková, Jana (1951-)"}, {"typ": "Osoba", "obsah": "Klíma, Alois, Ing. (1873-1955)"}]}