{"typ záznamu": "Archiválie", "signatura": "I 12419", "druh": "pozitiv", "obsah": "Pohled na stavbu Severojižní magistrály v Holešovicích - Bubenská ulice.", "autor": "Jelínková, Jana (1951-)", "datace": "1982", "zobrazeno": "37x", "xid": "032EC262E69D11E89E7C74D435EEBE90", "rejstříkové záznamy": [{"typ": "Místo", "obsah": "Bubenská ulice"}, {"typ": "Místo", "obsah": "Holešovice (Praha)"}, {"typ": "Místo", "obsah": "Severojižní magistrála"}, {"typ": "Osoba", "obsah": "Jelínková, Jana (1951-)"}]}