{"typ záznamu": "Archiválie", "signatura": "X 399", "druh": "negativ", "obsah": "Pohled do Klášterské ulice (dnes Malá Klášterní) na Starém Městě. Vpravo přízemní dům čp. 832 při klášteru sv. Anežky (dům čp. 811). V pozadí část kostela sv. Františka v areálu Anežského kláštera.", "autor": "Klíma, Alois, Ing. (1873-1955)", "datace": "1908", "zobrazeno": "11x", "xid": "035E22D3A59811EABE1D74D435EEBE90", "rejstříkové záznamy": [{"typ": "Dílo", "obsah": "dům čp. 832 (Praha-Staré Město)"}, {"typ": "Dílo", "obsah": "kostel sv. Františka v Anežském klášteře (Praha-Staré Město)"}, {"typ": "Místo", "obsah": "Malá Klášterní ulice"}, {"typ": "Místo", "obsah": "Staré Město (Praha)"}, {"typ": "Osoba", "obsah": "Klíma, Alois, Ing. (1873-1955)"}]}