{"typ záznamu": "Archiválie", "signatura": "VIII 1647", "druh": "negativ", "obsah": "Pohled na skálu Ctirad na severním okraji návrší Děvín nad Zlíchovem.", "autor": "Eckert, Jindřich (1833-1905)", "datace": "kol.1890", "zobrazeno": "76x", "xid": "0368ADAA9D2211E2BF2E525400E46D25", "rejstříkové záznamy": [{"typ": "Místo", "obsah": "Děvín"}, {"typ": "Místo", "obsah": "Hlubočepy"}, {"typ": "Místo", "obsah": "skála Ctirad"}, {"typ": "Místo", "obsah": "Zlíchov"}, {"typ": "Osoba", "obsah": "Eckert, Jindřich (1833-1905)"}]}