{"typ záznamu": "Archiválie", "signatura": "I 11732", "druh": "pozitiv", "obsah": "Pohled na částečně zbořené Helmovské mlýny na Novém Městě - zleva Kubešův mlýn (dům čp. 1220), zbytky mlýna čp. 1303 a mlýn čp. 1222. V pozadí Dolní Lodecké mlýny a domy v Klimentské ulici.", "datace": "23.2.1909", "zobrazeno": "55x", "xid": "03B7077A4FF511E6A54A000C76270B94", "rejstříkové záznamy": [{"typ": "Dílo", "obsah": "Dolní Lodecké mlýny (Praha-Nové Město)"}, {"typ": "Dílo", "obsah": "dům čp. 1220 (Praha-Nové Město)"}, {"typ": "Dílo", "obsah": "dům čp. 1222 (Praha-Nové Město); původní (mlýn)"}, {"typ": "Dílo", "obsah": "dům čp. 1303 (Praha-Nové Město); mlýn"}, {"typ": "Dílo", "obsah": "Helmovské mlýny (Praha-Nové Město)"}, {"typ": "Místo", "obsah": "Klimentská ulice"}, {"typ": "Místo", "obsah": "Nové Město (Praha)"}, {"typ": "Místo", "obsah": "Vltava"}, {"typ": "Věc. objekt", "obsah": "mlýny (potravinářské stavby)"}]}