{"typ záznamu": "Archiválie", "signatura": "VIII 1320", "druh": "negativ", "obsah": "Pohled do Královské obory (Stromovky) v Bubenči - terén před stavbou kanalizace.", "autor": "Eckert, Jindřich (1833-1905)", "datace": "kol.1900", "zobrazeno": "50x", "xid": "03FD472C85B011E2BF1F525400E46D25", "rejstříkové záznamy": [{"typ": "Místo", "obsah": "Bubeneč"}, {"typ": "Místo", "obsah": "obora Stromovka (Praha-Bubeneč)"}, {"typ": "Osoba", "obsah": "Eckert, Jindřich (1833-1905)"}, {"typ": "Věc. objekt", "obsah": "kanalizace (soustavy pro svod odpadů)"}]}