{"typ záznamu": "Archiválie", "signatura": "V 19/24", "druh": "pozitiv", "obsah": "Pohled ze Starých zámeckých schodů na Staré Město. V popředí Malá Strana s Fürstenberskou a Valdštejnskou zahradou a s Klárovem.", "autor": "Fridrich, František (1829-1892)", "datace": "kol.1867", "zobrazeno": "93x", "xid": "040DFB5A21F711E8B26274D435EEBE90", "rejstříkové záznamy": [{"typ": "Dílo", "obsah": "dům čp. 131 (Praha-Malá Strana)"}, {"typ": "Dílo", "obsah": "dům čp. 153 (Praha-Malá Strana); Fürstenberský palác"}, {"typ": "Dílo", "obsah": "dům čp. 17 (Praha-Malá Strana); Valdštejnský palác"}, {"typ": "Místo", "obsah": "Fürstenberská (Velká) zahrada"}, {"typ": "Místo", "obsah": "Malá Strana"}, {"typ": "Místo", "obsah": "nábřeží (Praha-Staré Město)"}, {"typ": "Místo", "obsah": "náměstí Klárov"}, {"typ": "Místo", "obsah": "Praha-panorama"}, {"typ": "Místo", "obsah": "Staré Město (Praha)"}, {"typ": "Místo", "obsah": "Valdštejnská zahrada (Praha-Malá Strana)"}, {"typ": "Osoba", "obsah": "Fridrich, František (1829-1892)"}, {"typ": "Osoba", "obsah": "Hoffmann, Wilhelm (Dresden)"}]}