{"typ záznamu": "Archiválie", "signatura": "VIII 1116", "druh": "negativ", "obsah": "Pohled do dvora žižkovské plynárny. V pozadí Komenského ulice (dnes Seifertova) s domy čp. 555, 560 a 559 (C. k. berní úřad).", "autor": "Eckert, Jindřich (1833-1905)", "datace": "kol.1900", "zobrazeno": "104x", "xid": "04510462A41411E1BEEB000C766D2371", "rejstříkové záznamy": [{"typ": "Dílo", "obsah": "dům čp. 555 (Praha-Žižkov)"}, {"typ": "Dílo", "obsah": "dům čp. 559 (Praha-Žižkov)"}, {"typ": "Dílo", "obsah": "dům čp. 560 (Praha-Žižkov)"}, {"typ": "Dílo", "obsah": "plynárna (Praha-Žižkov)"}, {"typ": "Místo", "obsah": "Seifertova ulice"}, {"typ": "Místo", "obsah": "Žižkov (Praha)"}, {"typ": "Osoba", "obsah": "Eckert, Jindřich (1833-1905)"}]}