{"typ záznamu": "Archiválie", "signatura": "VIII 1214", "druh": "negativ", "obsah": "Pohled do zahrady kláštera augustiniánů kanovníků na Karlově (dům čp. 453 na Novém Městě - chorobinec).", "autor": "Eckert, Jindřich (1833-1905)", "datace": "kol.1890", "zobrazeno": "52x", "xid": "047B5BF6769311E2BF17525400E46D25", "rejstříkové záznamy": [{"typ": "Dílo", "obsah": "dům čp. 453 (Praha-Nové Město); klášter augustiniánů na Karlově"}, {"typ": "Místo", "obsah": "Nové Město (Praha)"}, {"typ": "Osoba", "obsah": "Eckert, Jindřich (1833-1905)"}]}