{"typ záznamu": "Archiválie", "signatura": "II 1674", "druh": "pozitiv", "obsah": "Pohled na dům čp. 1069 (hostinec U Vonásků - U Zelené brány) v Bělohorské ulici v Břevnově - s terasou, po zbourání přístavků.", "autor": "Dub, Václav (dokumenty 1928-1983)", "datace": "kol.1965", "zobrazeno": "50x", "xid": "0492BB0FBB7811E594BE74D435EEBE90", "rejstříkové záznamy": [{"typ": "Dílo", "obsah": "dům čp. 1069 (Praha-Břevnov)"}, {"typ": "Místo", "obsah": "Bělohorská ulice"}, {"typ": "Místo", "obsah": "Břevnov"}, {"typ": "Osoba", "obsah": "Dub, Václav (dokumenty 1928-1983)"}]}