{"typ záznamu": "Archiválie", "signatura": "I 9776", "druh": "pozitiv", "obsah": "Průhled Betlémskou ulicí z křižovatky s ulicí Karoliny Světlé. Vlevo dům čp. 286 na Starém Městě (Armáda spásy).", "autor": "Alexander, Antonín (1892-působnost do 1948)", "datace": "6.11.1927", "zobrazeno": "56x", "xid": "04B226A1157111E39CC26C626D41E503", "rejstříkové záznamy": [{"typ": "Dílo", "obsah": "dům čp. 286 (Praha-Staré Město)"}, {"typ": "Místo", "obsah": "Betlémská ulice"}, {"typ": "Místo", "obsah": "Staré Město (Praha)"}, {"typ": "Místo", "obsah": "ulice Karoliny Světlé"}, {"typ": "Osoba", "obsah": "Alexander, Antonín (1892-působnost do 1948)"}]}