{"typ záznamu": "Archiválie", "signatura": "I 12443", "druh": "pozitiv", "obsah": "Celkový pohled na hlavní obytnou budovu statku čp. 101 (Nové Dvory) v ulici U Nového dvora (dnes Durychova) ve Lhotce při bourání. V popředí rybník.", "autor": "Hnilička, Eduard (1887-1967)", "datace": "1958", "zobrazeno": "48x", "xid": "04BEA21A217011E9977174D435EEBE90", "rejstříkové záznamy": [{"typ": "Dílo", "obsah": "dům čp. 101 (Praha-Lhotka)"}, {"typ": "Místo", "obsah": "Durychova ulice"}, {"typ": "Místo", "obsah": "Lhotka (Praha)"}, {"typ": "Místo", "obsah": "Novodvorská ulice"}, {"typ": "Místo", "obsah": "rybník (Praha-Lhotka)"}, {"typ": "Osoba", "obsah": "Hnilička, Eduard (1887-1967)"}]}