{"typ záznamu": "Archiválie", "signatura": "VIII 1392", "druh": "negativ", "obsah": "Pohled do interiéru domu čp. 562 (\"Dům Buquoyský\") v Celetné ulici na Starém Městě - jídelna hraběnky Ledeburgové.", "autor": "Eckert-ateliér", "datace": "20.4.1907", "zobrazeno": "23x", "xid": "053F25DD8B1011E2BF22525400E46D25", "rejstříkové záznamy": [{"typ": "Dílo", "obsah": "dům čp. 562 (Praha-Staré Město)"}, {"typ": "Místo", "obsah": "Celetná ulice"}, {"typ": "Místo", "obsah": "Staré Město (Praha)"}, {"typ": "Osoba", "obsah": "Eckert-ateliér"}, {"typ": "Osoba", "obsah": "Ledeburgová - hraběnka"}]}