{"typ záznamu": "Archiválie", "signatura": "IX 393 e", "druh": "negativ", "obsah": "Pohled na portál a orloj Staroměstské radnice (dům čp. 1 na Starém Městě) na Staroměstském náměstí.", "zobrazeno": "20x", "xid": "054278AF90B711E8B3B474D435EEBE90", "rejstříkové záznamy": [{"typ": "Dílo", "obsah": "dům čp. 1 (Staré Město, Praha, Česko : radnice : 1338-)"}, {"typ": "Dílo", "obsah": "Staroměstský orloj (Praha-Staré Město)"}, {"typ": "Místo", "obsah": "Staré Město (Praha)"}, {"typ": "Místo", "obsah": "Staroměstské náměstí"}]}