{"typ záznamu": "Archiválie", "signatura": "I 11429", "druh": "pozitiv", "obsah": "Pohled na usedlost Malovanka (dům čp. 34 v Břevnově - dnes dům čp. 123 ve Střešovicích) - severní průčelí staré části v ulici Na Malovance.", "autor": "Alexander, Antonín (1892-působnost do 1948)", "datace": "6.9.1943", "zobrazeno": "110x", "xid": "054589CFB61511E58B3BD4BED94BB14D", "rejstříkové záznamy": [{"typ": "Dílo", "obsah": "dům čp. 123 (Praha-Střešovice)"}, {"typ": "Dílo", "obsah": "dům čp. 34 (Praha-Břevnov)"}, {"typ": "Místo", "obsah": "Břevnov"}, {"typ": "Místo", "obsah": "ulice Na Malovance"}, {"typ": "Osoba", "obsah": "Alexander, Antonín (1892-působnost do 1948)"}]}