{"typ záznamu": "Archiválie", "signatura": "X 1037", "druh": "negativ", "obsah": "Pohled na portál a orloj Staroměstské radnice (dům čp. 1 na Starém Městě) na Staroměstském náměstí.", "autor": "Reach, Zikmund (1859-1935)", "zobrazeno": "27x", "xid": "054A013B90BE11E8B3B474D435EEBE90", "rejstříkové záznamy": [{"typ": "Dílo", "obsah": "dům čp. 1 (Staré Město, Praha, Česko : radnice : 1338-)"}, {"typ": "Dílo", "obsah": "Staroměstský orloj (Praha-Staré Město)"}, {"typ": "Místo", "obsah": "Staré Město (Praha)"}, {"typ": "Místo", "obsah": "Staroměstské náměstí"}, {"typ": "Osoba", "obsah": "Reach, Zikmund (1859-1935)"}]}