{"typ záznamu": "Archiválie", "signatura": "X 15", "druh": "negativ", "obsah": "Pohled na maškarní průvod (\"karneval umělců\") na Staroměstském náměstí.", "autor": "Kříženecký, Jan (1868-1921)", "datace": "1907", "zobrazeno": "30x", "xid": "0552B28884FF11E3B891D4BED94BB14D", "rejstříkové záznamy": [{"typ": "Místo", "obsah": "Staré Město (Praha)"}, {"typ": "Místo", "obsah": "Staroměstské náměstí"}, {"typ": "Osoba", "obsah": "Kříženecký, Jan (1868-1921)"}, {"typ": "Věc. objekt", "obsah": "maškarní průvod"}, {"typ": "Věc. objekt", "obsah": "stereofotografie"}]}