{"typ záznamu": "Archiválie", "signatura": "X 8380", "druh": "negativ", "obsah": "Reprodukce nákresu a půdorysu kostela P. Marie Vítězné v Karmelitské ulici na Malé Straně.", "autor": "Eckert-ateliér", "datace": "28.8.1911", "zobrazeno": "19x", "xid": "05772FB9432A11E489DAD4BED94BB14D", "rejstříkové záznamy": [{"typ": "Dílo", "obsah": "kostel P. Marie Vítězné (Praha-Malá Strana)"}, {"typ": "Místo", "obsah": "Karmelitská ulice"}, {"typ": "Místo", "obsah": "Malá Strana"}, {"typ": "Osoba", "obsah": "Eckert-ateliér"}]}