{"typ záznamu": "Archiválie", "signatura": "I 9751", "druh": "pozitiv", "obsah": "Pohled na dům čp. 490 (palác Metychů z Čečova - Hrzánský) na Velkopřevorském náměstí na Malé Straně s portálem (\"Sklad Velkopřevorského mlýna. H. Veselý\").", "autor": "Alexander, Antonín (1892-působnost do 1948)", "datace": "1922", "zobrazeno": "32x", "xid": "0590ECC405B411E389696C626D41E503", "rejstříkové záznamy": [{"typ": "Dílo", "obsah": "dům čp. 490 (Praha-Malá Strana); palác Metychů z Čečova - Hrzánský"}, {"typ": "Místo", "obsah": "Malá Strana"}, {"typ": "Místo", "obsah": "Velkopřevorské náměstí"}, {"typ": "Osoba", "obsah": "Alexander, Antonín (1892-působnost do 1948)"}]}