{"typ záznamu": "Archiválie", "signatura": "I 11817", "druh": "pozitiv", "obsah": "Pohled na přepravování lodi nad nový Helmovský jez vorovou propustí. V pozadí provizorní dřevěný most (Hlávkův).", "datace": "26.3.1910", "zobrazeno": "52x", "xid": "05A6A89D62DB11E6A552000C76270B94", "rejstříkové záznamy": [{"typ": "Dílo", "obsah": "provizorní dřevěný most (dnes zde Hlávkův)"}, {"typ": "Místo", "obsah": "Holešovice (Praha)"}, {"typ": "Místo", "obsah": "Vltava"}, {"typ": "Věc. objekt", "obsah": "jezy (vodní díla)"}, {"typ": "Věc. objekt", "obsah": "lodě"}]}