{"typ záznamu": "Archiválie", "signatura": "I 9765", "druh": "pozitiv", "obsah": "Pohled na dům čp. 490 (palác Metychů z Čečova - Hrzánský) na Velkopřevorském náměstí na Malé Straně s renesančním portálem.", "autor": "Vopravil, Josef (1902-1972)", "datace": "1970", "zobrazeno": "27x", "xid": "05C3657005B911E389696C626D41E503", "rejstříkové záznamy": [{"typ": "Dílo", "obsah": "dům čp. 490 (Praha-Malá Strana); palác Metychů z Čečova - Hrzánský"}, {"typ": "Místo", "obsah": "Malá Strana"}, {"typ": "Místo", "obsah": "Velkopřevorské náměstí"}, {"typ": "Osoba", "obsah": "Vopravil, Josef (1902-1972)"}]}