{"typ záznamu": "Archiválie", "signatura": "I 12195", "druh": "pozitiv", "obsah": "Sportovní hry během VII. všesokolského sletu na Letné v Holešovicích - běh žen.", "autor": "Vojta, Tomáš (1885-1934)", "datace": "27.-30.6.1920", "zobrazeno": "41x", "xid": "05CA18AC87DA11E79100406186009F3A", "rejstříkové záznamy": [{"typ": "Místo", "obsah": "Holešovice (Praha)"}, {"typ": "Místo", "obsah": "Letná"}, {"typ": "Osoba", "obsah": "Vojta, Tomáš (1885-1934)"}, {"typ": "Věc. objekt", "obsah": "Sokol"}, {"typ": "Věc. objekt", "obsah": "sport"}, {"typ": "Věc. objekt", "obsah": "stadiony (sportovní stavby)"}]}