{"typ záznamu": "Archiválie", "signatura": "II 1546", "druh": "pozitiv", "obsah": "Pohled na staveniště budovy Magistrátu hlavního města Prahy (dům čp. 2) na Starém Městě na Mariánském náměstí. V pozadí část původní zástavby v Platnéřské ulici.", "autor": "Kříženecký, Jan (1868-1921)", "datace": "6.11.1908", "zobrazeno": "36x", "xid": "065266044D9711E1AE2C6C626D41E503", "rejstříkové záznamy": [{"typ": "Dílo", "obsah": "dům čp. 2 (Praha-Staré Město); Nová radnice"}, {"typ": "Místo", "obsah": "Mariánské náměstí"}, {"typ": "Místo", "obsah": "Platnéřská ulice"}, {"typ": "Místo", "obsah": "Staré Město (Praha)"}, {"typ": "Osoba", "obsah": "Kříženecký, Jan (1868-1921)"}]}