{"typ záznamu": "Archiválie", "signatura": "VIII 1440", "druh": "negativ", "obsah": "Pohled do interiéru domu čp. 386 na Malé Straně (Rohanský palác) - sál s exponáty při výstavě parohů.", "autor": "Eckert, Jindřich (1833-1905)", "datace": "1893", "zobrazeno": "33x", "xid": "06CE095B8D6711E2BF25525400E46D25", "rejstříkové záznamy": [{"typ": "Dílo", "obsah": "dům čp. 386 (Praha-Malá Strana); Rohanský palác"}, {"typ": "Místo", "obsah": "Karmelitská ulice"}, {"typ": "Místo", "obsah": "Malá Strana"}, {"typ": "Osoba", "obsah": "Eckert, Jindřich (1833-1905)"}]}