{"typ záznamu": "Archiválie", "signatura": "I 11018", "druh": "pozitiv", "obsah": "Panoramatický pohled na Záběhlice. V pozadí Spořilov. Třetí část pětidílného panoramatu od východu, přes jih (Spořilov) k západu (Bohdalec).", "autor": "Alexander, Antonín (1892-působnost do 1948)", "datace": "30.6.1929", "zobrazeno": "127x", "xid": "06CEA82E26D611E4B68A406186009F3A", "rejstříkové záznamy": [{"typ": "Místo", "obsah": "Spořilov (Praha)"}, {"typ": "Místo", "obsah": "Záběhlice (Praha)"}, {"typ": "Místo", "obsah": "Záběhlická ulice"}, {"typ": "Osoba", "obsah": "Alexander, Antonín (1892-působnost do 1948)"}]}