{"typ záznamu": "Archiválie", "signatura": "VIII 1408", "druh": "negativ", "obsah": "Pohled do dvora domu čp. 184 v Havlíčkově ulici (dnešní Za Poříčskou bránou) v Karlíně (\"bratří Pickové\").", "autor": "Eckert-ateliér", "datace": "3.5.1910", "zobrazeno": "52x", "xid": "06F343AB8B3211E2BF22525400E46D25", "rejstříkové záznamy": [{"typ": "Dílo", "obsah": "dům čp. 184 (Praha-Karlín)"}, {"typ": "Místo", "obsah": "Karlín (Praha)"}, {"typ": "Místo", "obsah": "ulice Za Poříčskou bránou"}, {"typ": "Osoba", "obsah": "Eckert-ateliér"}]}