{"typ záznamu": "Archiválie", "signatura": "I 11768", "druh": "pozitiv", "obsah": "Celkový pohled na vybudovaný provizorní dřevěný most pro dělníky mezi ostrovem Štvanice a Holešovicemi. V pozadí provizorní dřevěný most (Hlávkův).", "datace": "7.12.1908", "zobrazeno": "55x", "xid": "072EB4635D4E11E6A54F000C76270B94", "rejstříkové záznamy": [{"typ": "Dílo", "obsah": "provizorní dřevěný most (dnes zde Hlávkův)"}, {"typ": "Místo", "obsah": "Holešovice (Praha)"}, {"typ": "Místo", "obsah": "ostrov Štvanice"}, {"typ": "Místo", "obsah": "Vltava"}, {"typ": "Věc. objekt", "obsah": "jezy (vodní díla)"}]}