{"typ záznamu": "Archiválie", "signatura": "IX 732", "druh": "negativ", "obsah": "Pohled na část východní strany Staroměstského náměstí s domy čp. 604, 603 na Starém Městě. Za nimi kostel P. Marie před Týnem. Uprostřed mariánský sloup.", "autor": "Vojta, Tomáš (1885-1934)", "poznámka": "Reprodukce původní fotografie.", "zobrazeno": "33x", "xid": "075ACF332DAA11E89EFE74D435EEBE90", "rejstříkové záznamy": [{"typ": "Dílo", "obsah": "dům čp. 603 (Praha-Staré Město)"}, {"typ": "Dílo", "obsah": "dům čp. 604 (Praha-Staré Město)"}, {"typ": "Dílo", "obsah": "kostel Panny Marie před Týnem (Praha, Česko : kostel)"}, {"typ": "Dílo", "obsah": "mariánský sloup na Staroměstském náměstí"}, {"typ": "Místo", "obsah": "Staré Město (Praha)"}, {"typ": "Místo", "obsah": "Staroměstské náměstí"}, {"typ": "Osoba", "obsah": "Vojta, Tomáš (1885-1934)"}]}