{"typ záznamu": "Archiválie", "signatura": "II 1525", "druh": "pozitiv", "obsah": "Pohled na Palachovo náměstí s domem čp. 79 (Rudolfinum) a domem čp. 73 a (Uměleckoprůmyslové muzeum) na Starém Městě.", "autor": "Kříženecký, Jan (1868-1921)", "datace": "23.9.1914", "zobrazeno": "60x", "xid": "0769BFB6763C11E0BE30000C766D2371", "rejstříkové záznamy": [{"typ": "Dílo", "obsah": "dům čp. 73 (Praha-Staré Město); Uměleckoprůmyslové muzeum"}, {"typ": "Dílo", "obsah": "dům čp. 79 (Praha-Staré Město); Rudolfinum"}, {"typ": "Místo", "obsah": "náměstí Jana Palacha; Krasnoarmějců"}, {"typ": "Místo", "obsah": "Staré Město (Praha)"}, {"typ": "Místo", "obsah": "ulice 17. listopadu"}, {"typ": "Osoba", "obsah": "Kříženecký, Jan (1868-1921)"}]}