{"typ záznamu": "Archiválie", "signatura": "V 9/6 c", "druh": "pozitiv", "obsah": "Pohled do dvora domu čp. 791 (U Lhotků) na nároží Václavského náměstí a Vodičkovy ulice na Novém Městě krátce před zbořením.", "autor": "Bufka, Vladimír Jindřich", "datace": "kol.1912", "zobrazeno": "49x", "xid": "07918574E29511E89F1B74D435EEBE90", "rejstříkové záznamy": [{"typ": "Dílo", "obsah": "dům čp. 791 (Praha-Nové Město); původní, U Lhotků"}, {"typ": "Místo", "obsah": "Nové Město (Praha)"}, {"typ": "Místo", "obsah": "Václavské náměstí"}, {"typ": "Místo", "obsah": "Vodičkova ulice"}, {"typ": "Osoba", "obsah": "Bufka, Vladimír Jindřich"}]}