{"typ záznamu": "Archiválie", "signatura": "VIII 1270", "druh": "negativ", "obsah": "Pohled přes Vltavu na dnešní nábřeží Na Františku. Vpravo dům čp. 827 se štítem na Starém Městě (\"Transporthaus\").", "autor": "Eckert-ateliér", "datace": "27.5.1908", "zobrazeno": "30x", "xid": "0814A3D681AD11E2BF1D525400E46D25", "rejstříkové záznamy": [{"typ": "Dílo", "obsah": "dům čp. 827 (Praha-Staré Město)"}, {"typ": "Místo", "obsah": "nábřeží Na Františku"}, {"typ": "Místo", "obsah": "Staré Město (Praha)"}, {"typ": "Místo", "obsah": "Vltava"}, {"typ": "Osoba", "obsah": "Eckert-ateliér"}]}