{"typ záznamu": "Archiválie", "signatura": "I 11799", "druh": "pozitiv", "obsah": "Pohled na stavbu nového Helmovského jezu pod nedokončenou železnou částí Hlavkova mostu. V pozadí provizorní dřevěný most.", "datace": "19.11.1909", "zobrazeno": "50x", "xid": "081563FD62AA11E6A552000C76270B94", "rejstříkové záznamy": [{"typ": "Dílo", "obsah": "Hlávkův most"}, {"typ": "Dílo", "obsah": "provizorní dřevěný most (dnes zde Hlávkův)"}, {"typ": "Místo", "obsah": "Holešovice (Praha)"}, {"typ": "Místo", "obsah": "ostrov Štvanice"}, {"typ": "Místo", "obsah": "Vltava"}, {"typ": "Věc. objekt", "obsah": "jezy (vodní díla)"}, {"typ": "Věc. objekt", "obsah": "plavební komory"}]}