{"typ záznamu": "Archiválie", "signatura": "I 9671", "druh": "pohlednice", "obsah": "Pohled na hlavní průčelí kasáren na Hradčanech - dům čp. 221 (\"kasárna Adolfa Hitlera\" - bývalá kadetní škola).", "datace": "1939-1945", "zobrazeno": "84x", "xid": "0879BF76275311E287E86C626D41E503", "rejstříkové záznamy": [{"typ": "Dílo", "obsah": "dům čp. 221 (Praha-Hradčany)"}, {"typ": "Místo", "obsah": "Hradčany (Praha)"}, {"typ": "Místo", "obsah": "ulice Mariánské hradby"}, {"typ": "Věc. objekt", "obsah": "kasárny"}]}