{"typ záznamu": "Archiválie", "signatura": "VIII 1294", "druh": "negativ", "obsah": "Pohled na stavbu školy (dům čp. 460) na Lyčkově náměstí v Karlíně (dříve Riegrovy sady).", "autor": "Eckert-ateliér", "datace": "1905", "zobrazeno": "58x", "xid": "0880C6DF81BE11E2BF1D525400E46D25", "rejstříkové záznamy": [{"typ": "Dílo", "obsah": "dům čp. 460 (Praha-Karlín); škola"}, {"typ": "Místo", "obsah": "Karlín (Praha)"}, {"typ": "Místo", "obsah": "Lyčkovo náměstí"}, {"typ": "Osoba", "obsah": "Eckert-ateliér"}]}