{"typ záznamu": "Archiválie", "signatura": "I 11073", "druh": "pozitiv", "obsah": "Pohled do zahrady domu čp. 180 na Hradčanech (bývalý Trautmannsdorfský palác) od kapličky k severozápadu - \"práce na výkopu válečného vodního bazénu\".", "autor": "Alexander, Antonín (1892-působnost do 1948)", "datace": "5.6.1944", "zobrazeno": "20x", "xid": "08BC7ABC748611E4A81F406186009F3A", "rejstříkové záznamy": [{"typ": "Dílo", "obsah": "dům čp. 180 (Praha-Hradčany); Trautmannsdorfský palác"}, {"typ": "Místo", "obsah": "Hradčany (Praha)"}, {"typ": "Osoba", "obsah": "Alexander, Antonín (1892-působnost do 1948)"}]}