{"typ záznamu": "Archiválie", "signatura": "I 9794", "druh": "pozitiv", "obsah": "Pohled do Železné ulice z křižovatky s ulicí Rytířskou. Vpravo část Stavovského divadla (dům čp. 540), vlevo část nárožního domu čp. 539 na Starém Městě.", "autor": "Bellmann", "zobrazeno": "53x", "xid": "08D2AE3215FE11E390486C626D41E503", "rejstříkové záznamy": [{"typ": "Dílo", "obsah": "dům čp. 539 (Praha-Staré Město)"}, {"typ": "Dílo", "obsah": "dům čp. 540 (Praha-Staré Město); divadlo Stavovské - Tylovo - Nosticovo"}, {"typ": "Místo", "obsah": "Rytířská ulice"}, {"typ": "Místo", "obsah": "Staré Město (Praha)"}, {"typ": "Místo", "obsah": "Železná ulice"}, {"typ": "Osoba", "obsah": "Bellmann"}]}