{"typ záznamu": "Archiválie", "signatura": "I 9664", "druh": "pozitiv", "obsah": "Celkový pohled na dům čp. 818 v Krči (budova Ústavu mateřství - dnes Ústav mateřství - Gynekologicko-porodnické oddělení Thomayerovy nemocnice).", "datace": "1949", "zobrazeno": "86x", "xid": "0912DF90274D11E287E86C626D41E503", "rejstříkové záznamy": [{"typ": "Dílo", "obsah": "dům čp. 818 (Praha-Krč); nemocnice"}, {"typ": "Místo", "obsah": "Krč (Praha)"}, {"typ": "Místo", "obsah": "Vídeňská ulice"}]}