{"typ záznamu": "Archiválie", "signatura": "VIII 1315", "druh": "negativ", "obsah": "Pohled na varhany v kostele P. Marie Na Slovanech (v Emauzích) na Novém Městě.", "autor": "Eckert, Jindřich (1833-1905)", "datace": "kol.1900", "zobrazeno": "32x", "xid": "0928B76385AD11E2BF1F525400E46D25", "rejstříkové záznamy": [{"typ": "Dílo", "obsah": "dům čp. 320 (Praha-Nové Město); klášter Na Slovanech, Emauzský"}, {"typ": "Dílo", "obsah": "kostel P. Marie Na Slovanech - v Emauzích (Praha-Nové Město)"}, {"typ": "Místo", "obsah": "Nové Město (Praha)"}, {"typ": "Osoba", "obsah": "Eckert, Jindřich (1833-1905)"}]}