{"typ záznamu": "Archiválie", "signatura": "I 11618", "druh": "pozitiv", "obsah": "Pohled na stavbu nového Helmovského jezu ze špičky ostrova Štvanice. V pozadí most císaře Františka Josefa I.", "datace": "16.6.1909", "zobrazeno": "78x", "xid": "097724DDF1AA11E5A522000C76270B94", "rejstříkové záznamy": [{"typ": "Dílo", "obsah": "most císaře Františka Josefa I. (řetězový); Eliščin, Štefánikův, Leoše Janáčka, Švermův"}, {"typ": "Místo", "obsah": "Holešovice (Praha)"}, {"typ": "Místo", "obsah": "Vltava"}, {"typ": "Věc. objekt", "obsah": "jezy (vodní díla)"}]}