{"typ záznamu": "Archiválie", "signatura": "II 1584", "druh": "pozitiv", "obsah": "Pohled do Josefovské ulice od křižovatky s Pinkasovou uličkou (vlevo). Uprostřed nárožní dům čp. 20 v Josefově. Zprava domy čp. 18, 19, 22, 25, 26... v Josefově.", "autor": "Kříženecký, Jan (1868-1921)", "datace": "10.3.1908", "zobrazeno": "53x", "xid": "097BFFA4155D11E39CC26C626D41E503", "rejstříkové záznamy": [{"typ": "Dílo", "obsah": "dům čp. 18 (Praha-Josefov)"}, {"typ": "Dílo", "obsah": "dům čp. 19 (Praha-Josefov)"}, {"typ": "Dílo", "obsah": "dům čp. 20 (Praha-Josefov)"}, {"typ": "Dílo", "obsah": "dům čp. 22 (Praha-Josefov)"}, {"typ": "Dílo", "obsah": "dům čp. 25 (Praha-Josefov)"}, {"typ": "Dílo", "obsah": "dům čp. 26 (Praha-Josefov)"}, {"typ": "Místo", "obsah": "Josefov (Praha)"}, {"typ": "Místo", "obsah": "Josefovská ulice"}, {"typ": "Místo", "obsah": "Pinkasova ulička"}, {"typ": "Osoba", "obsah": "Kříženecký, Jan (1868-1921)"}]}