{"typ záznamu": "Archiválie", "signatura": "X 10080", "druh": "negativ", "obsah": "Pohled na hlavní obytnou budovu statku čp. 101 (Nové Dvory) v ulici U Nového dvora (dnes Durychova) ve Lhotce.", "datace": "červen 1953", "zobrazeno": "41x", "xid": "098E28A629F111E9980E74D435EEBE90", "rejstříkové záznamy": [{"typ": "Dílo", "obsah": "dům čp. 101 (Praha-Lhotka)"}, {"typ": "Místo", "obsah": "Durychova ulice"}, {"typ": "Místo", "obsah": "Lhotka (Praha)"}, {"typ": "Místo", "obsah": "Novodvorská ulice"}]}