{"typ záznamu": "Archiválie", "signatura": "II 1957", "druh": "pozitiv", "obsah": "Archiváři na Mariánském náměstí před radnicí při \"Pochodu za přežití archivů\" s transparenty.", "autor": "Jelínková, Jana (1951-)", "datace": "29.1.1990", "zobrazeno": "9x", "xid": "0a0af9f8c4c74a1d99f881df40a9c3f1", "rejstříkové záznamy": [{"typ": "Místo", "obsah": "Mariánské náměstí"}, {"typ": "Místo", "obsah": "Staré Město (Praha)"}, {"typ": "Osoba", "obsah": "Jelínková, Jana (1951-)"}, {"typ": "Věc. objekt", "obsah": "transparenty (zezadu prosvětlená sdělení)"}]}