{"typ záznamu": "Archiválie", "signatura": "VIII 1396", "druh": "negativ", "obsah": "Pohled do interiéru domu čp. 111 (sirotčinec arcivévodkyně Gisely) na Pohořelci na Hradčanech - ložnice dívek.", "autor": "Eckert, Jindřich (1833-1905)", "datace": "kol.1890", "zobrazeno": "24x", "xid": "0A1A7A598B1211E2BF22525400E46D25", "rejstříkové záznamy": [{"typ": "Dílo", "obsah": "dům čp. 111 (Praha-Hradčany); sirotčinec"}, {"typ": "Místo", "obsah": "Hradčany (Praha)"}, {"typ": "Místo", "obsah": "náměstí Pohořelec"}, {"typ": "Osoba", "obsah": "Eckert, Jindřich (1833-1905)"}]}