{"typ záznamu": "Archiválie", "signatura": "IX 2596", "druh": "negativ", "obsah": "Pohled na křižovatku ulic Přemyslovy (dnes Podolské) vlevo a Dvorecké (dnes Jeremenkova) vpravo. Uprostřed dům čp. 403, vpravo dům čp. 367 v Podolí.", "datace": "1939-1945", "zobrazeno": "66x", "xid": "0A30091A2CE311E88DF074D435EEBE90", "rejstříkové záznamy": [{"typ": "Dílo", "obsah": "dům čp. 367 (Praha-Podolí)"}, {"typ": "Dílo", "obsah": "dům čp. 403 (Praha-Podolí)"}, {"typ": "Místo", "obsah": "Jeremenkova ulice"}, {"typ": "Místo", "obsah": "Podolí"}, {"typ": "Místo", "obsah": "Podolská ulice"}]}