{"typ záznamu": "Archiválie", "signatura": "I 11735", "druh": "pozitiv", "obsah": "Pohled na stavbu plavební komory u ostrova Štvanice. V pozadí Negrelliho viadukt.", "datace": "13.10.1908", "zobrazeno": "90x", "xid": "0A55E1C64FFF11E6A54A000C76270B94", "rejstříkové záznamy": [{"typ": "Dílo", "obsah": "Negrelliho viadukt; Karlínský"}, {"typ": "Místo", "obsah": "Holešovice (Praha)"}, {"typ": "Místo", "obsah": "ostrov Štvanice"}, {"typ": "Místo", "obsah": "Vltava"}, {"typ": "Věc. objekt", "obsah": "jeřáby (rostliny)"}, {"typ": "Věc. objekt", "obsah": "plavební komory"}]}