{"typ záznamu": "Archiválie", "signatura": "I 11388", "druh": "pozitiv", "obsah": "Pohled na kapličku č. 4 poutní cesty do Hájku v Břevnově severovýchodně od usedlosti Ladronka s obrazem \"Anděl snáší dítě, Pannu Marii, sv. Anně\".", "autor": "Bernau, Karel, Ing. (1880-1948)", "datace": "2.4.1923", "zobrazeno": "85x", "xid": "0A71920BB9ED11E59D58406186009F3A", "rejstříkové záznamy": [{"typ": "Dílo", "obsah": "kaplička č. 4 poutní cesty do Hájku (Praha-Břevnov)"}, {"typ": "Dílo", "obsah": "poutní cesta do Hájku"}, {"typ": "Místo", "obsah": "Břevnov"}, {"typ": "Osoba", "obsah": "Bernau, Karel, Ing. (1880-1948)"}, {"typ": "Věc. objekt", "obsah": "obrazy (malířská díla)"}]}