{"typ záznamu": "Archiválie", "signatura": "X 7", "druh": "negativ", "obsah": "Pohled na vlaky a nádraží císaře Františka Josefa I. (dům čp. 300 na Vinohradech) ze stanoviště nad vinohradským železničním tunelem. Vlevo zadní část budovy Nového německého divadla (dům čp. 101) a sousedního domu čp. 98 na Vinohradech.", "autor": "Reach, Zikmund (1859-1935)", "datace": "kol.1910", "zobrazeno": "174x", "xid": "0AAD5C52744911E2A9206C626D41E503", "rejstříkové záznamy": [{"typ": "Dílo", "obsah": "dům čp. 101 (Praha-Vinohrady); Německé divadlo, Smetanovo divadlo, Státní opera"}, {"typ": "Dílo", "obsah": "dům čp. 300 (Praha-Vinohrady); nádraží císaře Františka Josefa I., Hlavní, Wilsonovo"}, {"typ": "Dílo", "obsah": "dům čp. 98 (Praha-Vinohrady)"}, {"typ": "Místo", "obsah": "Vinohrady"}, {"typ": "Osoba", "obsah": "Reach, Zikmund (1859-1935)"}, {"typ": "Věc. objekt", "obsah": "Reachova sbírka"}, {"typ": "Věc. objekt", "obsah": "vlaky"}]}