{"typ záznamu": "Archiválie", "signatura": "I 12881", "druh": "pozitiv", "obsah": "Pohled na stavbu budovy Magistrátu hlavního města Prahy (dům čp. 2) na Mariánském náměstí na Starém Městě - zdění třetího patra. V pozadí věže kostela sv. Mikuláše..", "datace": "10.4.1910", "zobrazeno": "11x", "xid": "0ac1c103257244e0a3d6aba94c4d3c81", "rejstříkové záznamy": [{"typ": "Dílo", "obsah": "dům čp. 2 (Praha-Staré Město); Nová radnice"}, {"typ": "Místo", "obsah": "Mariánské náměstí"}, {"typ": "Místo", "obsah": "Staré Město (Praha)"}]}