{"typ záznamu": "Archiválie", "signatura": "V 2/3", "druh": "pozitiv", "obsah": "Pohled na Krenův dům (čp. 936) na Staroměstském náměstí na Starém Městě.", "autor": "Dvořák, František (dokumenty 1901-1908)", "datace": "1901", "zobrazeno": "39x", "xid": "0AC74F90968911E49A5E406186009F3A", "rejstříkové záznamy": [{"typ": "Dílo", "obsah": "dům čp. 936 (Praha-Staré Město); Krenův"}, {"typ": "Místo", "obsah": "Staré Město (Praha)"}, {"typ": "Místo", "obsah": "Staroměstské náměstí"}, {"typ": "Osoba", "obsah": "Dvořák, František (dokumenty 1901-1908)"}]}