{"typ záznamu": "Archiválie", "signatura": "I 12075", "druh": "pozitiv", "obsah": "Pohled na osvětlenou budovu Wilsonova nádraží (dům čp. 300) na Vinohradech - nádraží císaře Františka Josefa I., Hlavní. Při příležitosti 10. výročí samostatnosti Československé republiky.", "autor": "Vopravil, Josef (1902-1972)", "datace": "28.10.1928", "zobrazeno": "119x", "xid": "0AD8CCD617DB11E891E8406186009F3A", "rejstříkové záznamy": [{"typ": "Dílo", "obsah": "dům čp. 300 (Praha-Vinohrady); nádraží císaře Františka Josefa I., Hlavní, Wilsonovo"}, {"typ": "Místo", "obsah": "Vinohrady"}, {"typ": "Místo", "obsah": "Wilsonova ulice"}, {"typ": "Osoba", "obsah": "Vopravil, Josef (1902-1972)"}, {"typ": "Věc. objekt", "obsah": "osvětlení slavnostní"}]}