{"typ záznamu": "Archiválie", "signatura": "II 1964", "druh": "pozitiv", "obsah": "Socha Přemysla Otakara II. na východním křídle Staroměstské radnice od Josefa Maxe.", "zobrazeno": "23x", "xid": "0adca44ff9f84db5a0a3f0b20b678f7c", "rejstříkové záznamy": [{"typ": "Dílo", "obsah": "dům čp. 1 (Staré Město, Praha, Česko : radnice : 1338-)"}, {"typ": "Místo", "obsah": "Staré Město (Praha)"}, {"typ": "Osoba", "obsah": "Max, Josef"}, {"typ": "Osoba", "obsah": "Přemysl Otakar II."}]}