{"typ záznamu": "Archiválie", "signatura": "I 11080", "druh": "pozitiv", "obsah": "Pohled do zahrady domu čp. 180 na Hradčanech (bývalý Trautmannsdorfský palác) - \"práce na výkopu válečného vodního bazénu\". V pozadí uprostřed část kaple paláce.", "autor": "Alexander, Antonín (1892-působnost do 1948)", "datace": "5.6.1944", "zobrazeno": "23x", "xid": "0B48AA27748A11E4A81F406186009F3A", "rejstříkové záznamy": [{"typ": "Dílo", "obsah": "dům čp. 180 (Praha-Hradčany); Trautmannsdorfský palác"}, {"typ": "Místo", "obsah": "Hradčany (Praha)"}, {"typ": "Osoba", "obsah": "Alexander, Antonín (1892-působnost do 1948)"}]}