{"typ záznamu": "Archiválie", "signatura": "VIII 1390", "druh": "negativ", "obsah": "Pohled na kanalizační čistící stanici v Bubenči (dům čp. 199) - východní průčelí.", "autor": "Eckert-ateliér", "datace": "7.3.1907", "zobrazeno": "35x", "xid": "0B55ED888B0D11E2BF22525400E46D25", "rejstříkové záznamy": [{"typ": "Dílo", "obsah": "dům čp. 199 (Praha-Bubeneč); čistička odpadních vod"}, {"typ": "Místo", "obsah": "Bubeneč"}, {"typ": "Osoba", "obsah": "Eckert-ateliér"}, {"typ": "Věc. objekt", "obsah": "kanalizace (soustavy pro svod odpadů)"}]}