{"typ záznamu": "Archiválie", "signatura": "I 9928", "druh": "pozitiv", "obsah": "Pohled ze Zbraslavské silnice nad železniční tratí. V popředí Vltava, za řekou Braník s ledárnou (dům čp. 238 v Braníku) a loděnicí vodních turistů KČST. Součást panoramatu.", "autor": "Alexander, Antonín (1892-působnost do 1948)", "datace": "15.6.1927", "zobrazeno": "66x", "xid": "0B6BC6DAB5C411E3B6F7D4BED94BB14D", "rejstříkové záznamy": [{"typ": "Dílo", "obsah": "dům čp. 238 (Praha-Braník); ledárna"}, {"typ": "Dílo", "obsah": "loděnice (Praha-Braník)"}, {"typ": "Místo", "obsah": "Braník"}, {"typ": "Místo", "obsah": "Vltava"}, {"typ": "Osoba", "obsah": "Alexander, Antonín (1892-působnost do 1948)"}]}