{"typ záznamu": "Archiválie", "signatura": "VIII 1590", "druh": "negativ", "obsah": "Pohled na nový most přes Vltavu a zdymadlo v Miřejovicích.", "autor": "Eckert-ateliér", "datace": "28.10.1905", "zobrazeno": "9x", "xid": "0B6D7BC796E311E2BF2B525400E46D25", "rejstříkové záznamy": [{"typ": "Dílo", "obsah": "most (Miřejovice)"}, {"typ": "Dílo", "obsah": "zdymadlo (Miřejovice)"}, {"typ": "Místo", "obsah": "Miřejovice"}, {"typ": "Místo", "obsah": "Vltava"}, {"typ": "Osoba", "obsah": "Eckert-ateliér"}]}