{"typ záznamu": "Archiválie", "signatura": "VI 50/1 h", "druh": "pozitiv", "obsah": "Reprodukce plánu: Soutěžní návrh na budovu chlapecké a dívčí obecné školy \"v nových Vysočanech\" v listopadu 1920 - arch. Josef Mašek, Karlín.", "datace": "kol.1920", "zobrazeno": "86x", "xid": "0B7F8D95DB8311DFBD5E000C766D2371", "rejstříkové záznamy": [{"typ": "Dílo", "obsah": "škola / VYSOČANY"}, {"typ": "Místo", "obsah": "Vysočany (Praha)"}, {"typ": "Osoba", "obsah": "Mašek, Josef"}]}