{"typ záznamu": "Archiválie", "signatura": "I 9454", "druh": "pozitiv", "obsah": "Pohled do Jilské ulice k severu. Uprostřed dům čp. 352 (\"U Sladkých\") na Starém Městě. V pozadí část kostela sv. Jiljí.", "autor": "Alexander, Antonín (1892-působnost do 1948)", "datace": "26.3.1945", "zobrazeno": "32x", "xid": "0B9AACDDECE711DFBD7B000C766D2371", "rejstříkové záznamy": [{"typ": "Dílo", "obsah": "dům čp. 352 (Praha-Staré Město)"}, {"typ": "Místo", "obsah": "Jilská ulice"}, {"typ": "Místo", "obsah": "Staré Město (Praha)"}, {"typ": "Osoba", "obsah": "Alexander, Antonín (1892-působnost do 1948)"}]}