{"typ záznamu": "Archiválie", "signatura": "V 69/16 b", "druh": "pozitiv", "obsah": "Socha Lakomce a Smrtky z orloje v jižním průčelí Staroměstské radnice (dům čp. 1 na Starém Městě) na Staroměstském náměstí po restaurování.", "autor": "Kříženecký, Jan (1868-1921)", "datace": "18.12.1911", "zobrazeno": "36x", "xid": "0BA64CCD90EC11E8B3B474D435EEBE90", "rejstříkové záznamy": [{"typ": "Dílo", "obsah": "dům čp. 1 (Staré Město, Praha, Česko : radnice : 1338-)"}, {"typ": "Dílo", "obsah": "Staroměstský orloj (Praha-Staré Město)"}, {"typ": "Místo", "obsah": "Staré Město (Praha)"}, {"typ": "Místo", "obsah": "Staroměstské náměstí"}, {"typ": "Osoba", "obsah": "Kříženecký, Jan (1868-1921)"}]}