{"typ záznamu": "Archiválie", "signatura": "II 1596", "druh": "pozitiv", "obsah": "Pohled na portál a část průčelí domu čp. 1 do Sněmovní ulice na Malé Straně.", "autor": "Vojta, Tomáš (1885-1934)", "datace": "kol.1920", "zobrazeno": "24x", "xid": "0BB9AAD6D50E11E3AADC406186009F3A", "rejstříkové záznamy": [{"typ": "Dílo", "obsah": "dům čp. 1 (Praha-Malá Strana)"}, {"typ": "Místo", "obsah": "Malá Strana"}, {"typ": "Místo", "obsah": "Sněmovní ulice"}, {"typ": "Osoba", "obsah": "Vojta, Tomáš (1885-1934)"}]}