{"typ záznamu": "Archiválie", "signatura": "I 12108", "druh": "pozitiv", "obsah": "Celkový pohled na dům čp. 221 (kadetní škola) na Mariánské baště na Hradčanech.", "autor": "Bellmann (?)", "zobrazeno": "51x", "xid": "0BC5E622580C11E7A695406186009F3A", "rejstříkové záznamy": [{"typ": "Dílo", "obsah": "dům čp. 221 (Praha-Hradčany)"}, {"typ": "Místo", "obsah": "Hradčany (Praha)"}, {"typ": "Místo", "obsah": "ulice Mariánské hradby"}, {"typ": "Osoba", "obsah": "Bellmann (?)"}]}