{"typ záznamu": "Archiválie", "signatura": "VIII 1289", "druh": "negativ", "obsah": "Pohled do interiéru Valdštejnského paláce (dům čp. 17 na Malé Straně) - salon.", "autor": "Eckert-ateliér", "datace": "1920", "zobrazeno": "17x", "xid": "0C0DEF1C922711E2BF28525400E46D25", "rejstříkové záznamy": [{"typ": "Dílo", "obsah": "dům čp. 17 (Praha-Malá Strana); Valdštejnský palác"}, {"typ": "Místo", "obsah": "Malá Strana"}, {"typ": "Místo", "obsah": "Valdštejnské náměstí"}, {"typ": "Osoba", "obsah": "Eckert-ateliér"}]}