{"typ záznamu": "Archiválie", "signatura": "I 12068", "druh": "pozitiv", "obsah": "Pohled na osvětlené Národní divadlo (dům čp. 223 na Novém Městě) při příležitosti 10. výročí samostatnosti Československé republiky.", "autor": "Vopravil, Josef (1902-1972)", "datace": "28.10.1928", "zobrazeno": "64x", "xid": "0C3960C317E311E891E8406186009F3A", "rejstříkové záznamy": [{"typ": "Dílo", "obsah": "dům čp. 223 (Praha-Nové Město); Národní divadlo"}, {"typ": "Místo", "obsah": "Masarykovo nábřeží"}, {"typ": "Místo", "obsah": "Národní třída"}, {"typ": "Místo", "obsah": "Nové Město (Praha)"}, {"typ": "Osoba", "obsah": "Vopravil, Josef (1902-1972)"}, {"typ": "Věc. objekt", "obsah": "osvětlení slavnostní"}]}