{"typ záznamu": "Archiválie", "signatura": "VIII 1466", "druh": "negativ", "obsah": "Pohled do interiéru domu čp. 271 v Karlíně (škola) - tělocvična.", "autor": "Eckert, Jindřich (1833-1905)", "datace": "kol.1895", "zobrazeno": "53x", "xid": "0C48E4B6909911E2BF26525400E46D25", "rejstříkové záznamy": [{"typ": "Dílo", "obsah": "dům čp. 271 (Praha-Karlín); škola"}, {"typ": "Místo", "obsah": "Karlín (Praha)"}, {"typ": "Osoba", "obsah": "Eckert, Jindřich (1833-1905)"}, {"typ": "Věc. objekt", "obsah": "sport"}]}