{"typ záznamu": "Archiválie", "signatura": "I 9704", "druh": "pozitiv", "obsah": "Pohled do Židovského hřbitova na Žižkově (v místech dnešních Mahlerových sadů).", "autor": "Alexander, Antonín (1892-působnost do 1948)", "datace": "14.4.1933", "zobrazeno": "107x", "xid": "0C62D795863D11E294336C626D41E503", "rejstříkové záznamy": [{"typ": "Místo", "obsah": "Mahlerovy sady"}, {"typ": "Místo", "obsah": "Židovský hřbitov (Praha-Žižkov)"}, {"typ": "Místo", "obsah": "Žižkov (Praha)"}, {"typ": "Osoba", "obsah": "Alexander, Antonín (1892-působnost do 1948)"}, {"typ": "Věc. objekt", "obsah": "hřbitovy (areály)"}]}