{"typ záznamu": "Archiválie", "signatura": "II 1636", "druh": "pozitiv", "obsah": "Pohled do Bělohorské ulice v Břevnově s kapličkou č. 1 poutní cesty do Hájku a ohradou s prodejem stavebního dříví.", "autor": "Dub, Václav (dokumenty 1928-1983)", "datace": "před 1947", "zobrazeno": "47x", "xid": "0C6BDAB4BACC11E5A77074D435EEBE90", "rejstříkové záznamy": [{"typ": "Dílo", "obsah": "kaplička č. 1 poutní cesty do Hájku (Praha-Břevnov)"}, {"typ": "Dílo", "obsah": "poutní cesta do Hájku"}, {"typ": "Místo", "obsah": "Bělohorská ulice"}, {"typ": "Místo", "obsah": "Břevnov"}, {"typ": "Osoba", "obsah": "Dub, Václav (dokumenty 1928-1983)"}]}