{"typ záznamu": "Archiválie", "signatura": "VIII 1173", "druh": "negativ", "obsah": "Pohled do interiéru kostela sv. Klimenta v Klementinu (dům čp. 190, 1040) na Starém Městě - část stropu.", "autor": "Eckert-ateliér", "datace": "2.8.1911", "zobrazeno": "31x", "xid": "0C782AA2712411E2BF15525400E46D25", "rejstříkové záznamy": [{"typ": "Dílo", "obsah": "dům čp. 190, 1040 (Praha-Staré Město); Klementinum"}, {"typ": "Dílo", "obsah": "kostel sv. Klimenta v Klementinu (Praha-Staré Město)"}, {"typ": "Místo", "obsah": "Karlova ulice"}, {"typ": "Místo", "obsah": "Staré Město (Praha)"}, {"typ": "Osoba", "obsah": "Eckert-ateliér"}]}