{"typ záznamu": "Archiválie", "signatura": "V 6/3", "druh": "pozitiv", "obsah": "Pohled na průčelí domů čp. 606, 609 a 608 na Staroměstském náměstí na Starém Městě.", "autor": "Dvořák, František (dokumenty 1901-1908)", "datace": "1901", "zobrazeno": "37x", "xid": "0C9C4A72E2B911E4B65C0024BE7CD9AC", "rejstříkové záznamy": [{"typ": "Dílo", "obsah": "dům čp. 606 (Praha-Staré Město); palác Kinských"}, {"typ": "Dílo", "obsah": "dům čp. 608 (Praha-Staré Město)"}, {"typ": "Dílo", "obsah": "dům čp. 609 (Praha-Staré Město)"}, {"typ": "Místo", "obsah": "Staré Město (Praha)"}, {"typ": "Osoba", "obsah": "Dvořák, František (dokumenty 1901-1908)"}]}