{"typ záznamu": "Archiválie", "signatura": "I 11265", "druh": "pozitiv", "obsah": "Pohled na náhrobní desku na Malostranském hřbitově na Smíchově při zdi do Plzeňské ulice - původní stav. Rodina Ferdinandi.", "autor": "Alexander, Antonín (1892-působnost do 1948)", "datace": "23.3.1927", "zobrazeno": "75x", "xid": "0CA0104D2FBF11E5A57D74D435EEBE90", "rejstříkové záznamy": [{"typ": "Místo", "obsah": "Malostranský hřbitov (Praha-Smíchov)"}, {"typ": "Místo", "obsah": "Plzeňská ulice"}, {"typ": "Místo", "obsah": "Smíchov"}, {"typ": "Osoba", "obsah": "Alexander, Antonín (1892-působnost do 1948)"}]}