{"typ záznamu": "Archiválie", "signatura": "II 1647", "druh": "pozitiv", "obsah": "Pohled do Boleslavovy ulice (dnes Radimova) v Břevnově. Vpravo dům čp. 35.", "autor": "Dub, Václav (dokumenty 1928-1983)", "datace": "kol.1950", "zobrazeno": "34x", "xid": "0CA88765BAD511E5A77074D435EEBE90", "rejstříkové záznamy": [{"typ": "Dílo", "obsah": "dům čp. 35 (Praha-Břevnov); usedlost Panenská"}, {"typ": "Místo", "obsah": "Břevnov"}, {"typ": "Místo", "obsah": "Radimova ulice"}, {"typ": "Osoba", "obsah": "Dub, Václav (dokumenty 1928-1983)"}]}