{"typ záznamu": "Archiválie", "signatura": "I 12713", "druh": "pozitiv", "obsah": "Pohled na pamětní desku Nuselského mostu (most Klemeta Gottwalda). V pozadí Nuselský most, kostel Nanebevzetí P. Marie a sv. Karla Velikého na Karlově.", "autor": "Jelínková, Jana (1951-)", "datace": "1980", "zobrazeno": "69x", "xid": "0CB25063678811EABE1874D435EEBE90", "rejstříkové záznamy": [{"typ": "Dílo", "obsah": "Nuselský most (most Klementa Gottwalda)"}, {"typ": "Místo", "obsah": "Nusle"}, {"typ": "Místo", "obsah": "Praha"}, {"typ": "Osoba", "obsah": "Jelínková, Jana (1951-)"}]}