{"typ záznamu": "Archiválie", "signatura": "VI 48/35", "druh": "pozitiv", "obsah": "Pohled do dvora solného skladiště v Podskalí (dům čp. 410 na Novém Městě).", "autor": "Eckert-ateliér", "datace": "15.5.1905", "zobrazeno": "49x", "xid": "0CC923636B9B11E2AB7F6C626D41E503", "rejstříkové záznamy": [{"typ": "Dílo", "obsah": "dům čp. 410 (Praha-Nové Město)"}, {"typ": "Místo", "obsah": "Nové Město (Praha)"}, {"typ": "Místo", "obsah": "Podskalí (Praha-Nové Město)"}, {"typ": "Osoba", "obsah": "Eckert-ateliér"}, {"typ": "Věc. objekt", "obsah": "Asanace"}, {"typ": "Věc. objekt", "obsah": "solnice (sklady soli)"}]}