{"typ záznamu": "Archiválie", "signatura": "VIII 1406", "druh": "negativ", "obsah": "Pohled do dvora domu čp. 909 s věží (budova hlavní pošty) v Jindřišské ulici na Novém Městě s poštovními vozy.", "autor": "Eckert-ateliér", "datace": "20.5.1908", "zobrazeno": "34x", "xid": "0CD9AB7B8B1D11E2BF22525400E46D25", "rejstříkové záznamy": [{"typ": "Dílo", "obsah": "dům čp. 909 (Praha-Nové Město); pošta"}, {"typ": "Místo", "obsah": "Jindřišská ulice"}, {"typ": "Místo", "obsah": "Nové Město (Praha)"}, {"typ": "Osoba", "obsah": "Eckert-ateliér"}, {"typ": "Věc. objekt", "obsah": "vozy poštovní"}]}