{"typ záznamu": "Archiválie", "signatura": "I 9849", "druh": "pozitiv", "obsah": "Interiér středového sálu piana nobile v Schönbornském paláci - domě čp. 365 na Malé Straně.", "autor": "Vojta, Tomáš (1885-1934)", "datace": "červen 1931", "zobrazeno": "21x", "xid": "0D1D25DB79E511E3B274406186009F3A", "rejstříkové záznamy": [{"typ": "Dílo", "obsah": "dům čp. 365 (Praha-Malá Strana); Schönbornský palác"}, {"typ": "Místo", "obsah": "Malá Strana"}, {"typ": "Osoba", "obsah": "Vojta, Tomáš (1885-1934)"}]}