{"typ záznamu": "Archiválie", "signatura": "IX 8", "druh": "negativ", "obsah": "Pohled do tělocvičny Německé tělovýchovné jednoty na Smíchově v domě čp. 803.", "zobrazeno": "36x", "xid": "0D3AFF1BB39D11E59222406186009F3A", "rejstříkové záznamy": [{"typ": "Dílo", "obsah": "dům čp. 803 / SMÍCHOV"}, {"typ": "Místo", "obsah": "Smíchov"}, {"typ": "Věc. objekt", "obsah": "jednota německá tělovýchovná na Smíchově"}, {"typ": "Věc. objekt", "obsah": "sport"}, {"typ": "Věc. objekt", "obsah": "tělocvična"}]}