{"typ záznamu": "Archiválie", "signatura": "IX 5325", "druh": "negativ", "obsah": "Pohled na studánku se sochou sv. Václava (\"Pučka\") v zahradě domu čp. 339 na Novém Městě (Svatováclavské lázně).", "datace": "před 1908", "zobrazeno": "14x", "xid": "0d4b1c0b1d0e435ab5ce26edddc59ec2", "rejstříkové záznamy": [{"typ": "Dílo", "obsah": "dům čp. 339 (Praha-Nové Město); Svatováclavské lázně"}, {"typ": "Místo", "obsah": "Nové Město (Praha)"}, {"typ": "Místo", "obsah": "Podskalí (Praha-Nové Město)"}, {"typ": "Věc. objekt", "obsah": "Asanace"}]}