{"typ záznamu": "Archiválie", "signatura": "X 1437", "druh": "negativ", "obsah": "Generál Maurice César Joseph Pellé a Josef Svatopluk Machar (v klobouku) při zahájení první československé mezinárodní letecké výstavy v roce 1920 na pražském výstavišti.", "autor": "Reach, Zikmund (1859-1935)", "datace": "1920", "zobrazeno": "66x", "xid": "0D915DA59D6311E390976C626D41E503", "rejstříkové záznamy": [{"typ": "Místo", "obsah": "výstaviště (Praha-Bubeneč)"}, {"typ": "Osoba", "obsah": "Machar, Josef Svatopluk"}, {"typ": "Osoba", "obsah": "Pellé, Maurice César Joseph"}, {"typ": "Osoba", "obsah": "Reach, Zikmund (1859-1935)"}, {"typ": "Věc. objekt", "obsah": "výstava letecká 1920"}]}