{"typ záznamu": "Archiválie", "signatura": "I 9643", "druh": "pozitiv", "obsah": "Pohled na železniční trať (Pražský Semmering) v Hlubočepech. V pozadí Prokopské údolí, cementárna, vápenka.", "autor": "Alexander, Antonín (1892-působnost do 1948)", "datace": "20.10.1925", "zobrazeno": "86x", "xid": "0DA55D8A234011E2A12A406186009F3A", "rejstříkové záznamy": [{"typ": "Dílo", "obsah": "železnice Buštěhradské dráhy v Prokopském údolí; Pražský Semmering"}, {"typ": "Místo", "obsah": "Hlubočepy"}, {"typ": "Místo", "obsah": "Prokopské údolí"}, {"typ": "Osoba", "obsah": "Alexander, Antonín (1892-působnost do 1948)"}]}