{"typ záznamu": "Archiválie", "signatura": "I 9551", "druh": "pozitiv", "obsah": "Pohled na část hlavního průčelí budovy Magistrátu hlavního města Prahy (dům čp. 2) na Starém Městě na Mariánském náměstí.", "autor": "Alexander, Antonín (1892-působnost do 1948)", "datace": "12.6.1931", "zobrazeno": "19x", "xid": "0DB67F574D9D11E1A9526C626D41E503", "rejstříkové záznamy": [{"typ": "Dílo", "obsah": "dům čp. 2 (Praha-Staré Město); Nová radnice"}, {"typ": "Místo", "obsah": "Mariánské náměstí"}, {"typ": "Místo", "obsah": "Staré Město (Praha)"}, {"typ": "Osoba", "obsah": "Alexander, Antonín (1892-působnost do 1948)"}]}