{"typ záznamu": "Archiválie", "signatura": "VIII 1193", "druh": "negativ", "obsah": "Pohled na staveniště školy na Karlově. V pozadí kostel Nanebevzetí P. Marie a sv. Karla Velikého na Karlově.", "autor": "Eckert, Jindřich (1833-1905)", "datace": "kol.1892", "zobrazeno": "34x", "xid": "0DE71956753211E2BF16525400E46D25", "rejstříkové záznamy": [{"typ": "Dílo", "obsah": "kostel Nanebevzetí P. Marie a sv. Karla Velikého na Karlově (Praha-Nové Město)"}, {"typ": "Místo", "obsah": "Karlov (Praha-Nové Město)"}, {"typ": "Místo", "obsah": "Nové Město (Praha)"}, {"typ": "Osoba", "obsah": "Eckert, Jindřich (1833-1905)"}]}