{"typ záznamu": "Archiválie", "signatura": "I 11477", "druh": "pozitiv", "obsah": "Panoramatický pohled na prostory vojenského cvičiště poblíž Vypichu při pohledu od jihu přes západ k severu. V pozadí kaplička č. 5 poutní cesty do Hájku v Břevnově. Třetí díl čtyřdílného panoramatu.", "autor": "Alexander, Antonín (1892-působnost do 1948)", "datace": "16.5.1925", "zobrazeno": "63x", "xid": "0DF6EE5DC34711E593B5406186009F3A", "rejstříkové záznamy": [{"typ": "Dílo", "obsah": "kaplička č. 5 poutní cesty do hájku (Praha-Břevnov)"}, {"typ": "Dílo", "obsah": "poutní cesta do Hájku"}, {"typ": "Místo", "obsah": "Břevnov"}, {"typ": "Osoba", "obsah": "Alexander, Antonín (1892-působnost do 1948)"}, {"typ": "Věc. objekt", "obsah": "kozy (hospodářská zvířata)"}, {"typ": "Věc. objekt", "obsah": "panoramatické pohledy"}]}