{"typ záznamu": "Archiválie", "signatura": "I 11433", "druh": "pozitiv", "obsah": "Pohled na sochu rybáře (Jan Kolátor - majitel Kajetánky) Vojtěcha Suchardy v parku usedlosti Kajetánka (dům čp. 30) v Břevnově.", "autor": "Alexander, Antonín (1892-působnost do 1948)", "datace": "26.4.1944", "zobrazeno": "54x", "xid": "0E093567B61811E58B3BD4BED94BB14D", "rejstříkové záznamy": [{"typ": "Dílo", "obsah": "dům čp. 30 (Praha-Břevnov); usedlost Kajetánka"}, {"typ": "Místo", "obsah": "Břevnov"}, {"typ": "Osoba", "obsah": "Alexander, Antonín (1892-působnost do 1948)"}, {"typ": "Osoba", "obsah": "Kolátor, Jan"}, {"typ": "Osoba", "obsah": "Sucharda, Vojtěch (1884-1968)"}]}