{"typ záznamu": "Archiválie", "signatura": "I 9758", "druh": "pozitiv", "obsah": "Pohled na dům čp. 490 (palác Metychů z Čečova - Hrzánský) na Velkopřevorském náměstí na Malé Straně s renesančním portálem.", "autor": "Vojta, Tomáš (1885-1934)", "datace": "1925", "zobrazeno": "29x", "xid": "0E0C9E2305B711E389696C626D41E503", "rejstříkové záznamy": [{"typ": "Dílo", "obsah": "dům čp. 490 (Praha-Malá Strana); palác Metychů z Čečova - Hrzánský"}, {"typ": "Místo", "obsah": "Malá Strana"}, {"typ": "Místo", "obsah": "Velkopřevorské náměstí"}, {"typ": "Osoba", "obsah": "Vojta, Tomáš (1885-1934)"}]}