{"typ záznamu": "Archiválie", "signatura": "X 324", "druh": "negativ", "obsah": "Reprodukce portrétů českých spisovatelů, kteří vydali své spisy u Ottova nakladatelství do roku 1911 - ředitel Ph. C. Pavel Papáček, prof. Bohumír Patera, Gustav Pfleger-Moravský, Antonín Pikhart, Žofie Podlipská, prof. Vojtěch (nebo Václav) Prach, prof. Dr. Justin Václav Prášek, Gabriela Preissová, redaktor František Serafínský Procházka a Dr. Ladislav Quis.", "autor": "Reach, Zikmund (1859-1935)", "datace": "po 1911", "zobrazeno": "32x", "xid": "0E186B24C42711E59F64406186009F3A", "rejstříkové záznamy": [{"typ": "Osoba", "obsah": "Papáček, Pavel"}, {"typ": "Osoba", "obsah": "Patera, Bohumír"}, {"typ": "Osoba", "obsah": "Pfleger-Moravský, Gustav"}, {"typ": "Osoba", "obsah": "Pikhart, Antonín"}, {"typ": "Osoba", "obsah": "Podlipská, Sofie (1833-1897)"}, {"typ": "Osoba", "obsah": "Prach, Václav"}, {"typ": "Osoba", "obsah": "Prach, Vojtěch"}, {"typ": "Osoba", "obsah": "Prášek, Justin Václav"}, {"typ": "Osoba", "obsah": "Preissová, Gabriela (1862-1946)"}, {"typ": "Osoba", "obsah": "Procházka, František Serafínský"}, {"typ": "Osoba", "obsah": "Quis, Ladislav"}, {"typ": "Osoba", "obsah": "Reach, Zikmund (1859-1935)"}, {"typ": "Věc. objekt", "obsah": "portéty"}, {"typ": "Věc. objekt", "obsah": "Reachova sbírka"}, {"typ": "Věc. objekt", "obsah": "spisovatelé"}]}