{"typ záznamu": "Archiválie", "signatura": "II 1588", "druh": "pozitiv", "obsah": "Celkový pohled na dům čp. 655 na Starém Městě (Ústav šlechtičen) v Revoluční třídě (Eliščině) směrem od náměstí Republiky (Josefské).", "autor": "Bellmann, Carl", "datace": "kol.1900", "zobrazeno": "70x", "xid": "0E25BF6D161811E390486C626D41E503", "rejstříkové záznamy": [{"typ": "Dílo", "obsah": "dům čp. 655 (Praha-Staré Město)"}, {"typ": "Místo", "obsah": "náměstí Republiky"}, {"typ": "Místo", "obsah": "Revoluční ulice"}, {"typ": "Místo", "obsah": "Staré Město (Praha)"}, {"typ": "Osoba", "obsah": "Bellmann, Carl"}]}