{"typ záznamu": "Archiválie", "signatura": "VIII 1503", "druh": "negativ", "obsah": "Pohled do interiéru Arcibiskupského paláce na Hradčanském náměstí (dům čp. 56 na Hradčanech) - knihovna (od vchodu k ložnici).", "autor": "Eckert, Jindřich (1833-1905)", "datace": "kol.1900", "zobrazeno": "25x", "xid": "0E297F61955411E2BF29525400E46D25", "rejstříkové záznamy": [{"typ": "Dílo", "obsah": "dům čp. 56 (Praha-Hradčany); Arcibiskupský palác"}, {"typ": "Místo", "obsah": "Hradčanské náměstí"}, {"typ": "Místo", "obsah": "Hradčany (Praha)"}, {"typ": "Osoba", "obsah": "Eckert, Jindřich (1833-1905)"}]}