{"typ záznamu": "Archiválie", "signatura": "I 11868", "druh": "pozitiv", "obsah": "Pohled na stavbu horního ohlaví plavebních komor u ostrova Štvanice pod nedokončenou železnou částí Hlávkova mostu.", "datace": "16.10.1909", "zobrazeno": "35x", "xid": "0E320FA6648811E6A554000C76270B94", "rejstříkové záznamy": [{"typ": "Dílo", "obsah": "Hlávkův most"}, {"typ": "Místo", "obsah": "Holešovice (Praha)"}, {"typ": "Místo", "obsah": "ostrov Štvanice"}, {"typ": "Místo", "obsah": "Vltava"}, {"typ": "Věc. objekt", "obsah": "plavební komory"}]}