{"typ záznamu": "Archiválie", "signatura": "II 1545", "druh": "pozitiv", "obsah": "Pohled na staveniště budovy Magistrátu hlavního města Prahy (dům čp. 2) na Starém Městě na Mariánském náměstí. V pozadí vlevo Klementinum (dům čp. 190, 1040), vpravo část původní zástavby v Platnéřské ulici.", "autor": "Kříženecký, Jan (1868-1921)", "datace": "6.11.1908", "zobrazeno": "54x", "xid": "0E3BAFFC4D9511E1AE2C6C626D41E503", "rejstříkové záznamy": [{"typ": "Dílo", "obsah": "dům čp. 190, 1040 (Praha-Staré Město); Klementinum"}, {"typ": "Dílo", "obsah": "dům čp. 2 (Praha-Staré Město); Nová radnice"}, {"typ": "Místo", "obsah": "Mariánské náměstí"}, {"typ": "Místo", "obsah": "Platnéřská ulice"}, {"typ": "Místo", "obsah": "Staré Město (Praha)"}, {"typ": "Osoba", "obsah": "Kříženecký, Jan (1868-1921)"}]}