{"typ záznamu": "Archiválie", "signatura": "I 11959", "druh": "pozitiv", "obsah": "Pohled na budova kina (dům čp. 1662) v Burešově ulici v Kobylisích.", "autor": "Jelínková, Jana (1951-)", "datace": "1984", "zobrazeno": "118x", "xid": "0E441E5436DD11E79F33406186009F3A", "rejstříkové záznamy": [{"typ": "Dílo", "obsah": "dům čp. 1662 (Praha-Kobylisy); kino"}, {"typ": "Místo", "obsah": "Burešova ulice"}, {"typ": "Místo", "obsah": "Kobylisy"}, {"typ": "Osoba", "obsah": "Jelínková, Jana (1951-)"}]}