{"typ záznamu": "Archiválie", "signatura": "X 757", "druh": "negativ", "obsah": "Pohled na vojenskou kuchyni v petřínském pevnostním obvodu. V pozadí Petřínská rozhledna.", "autor": "Pfeiffer, Julius (1879-1947)", "datace": "1914-1918", "zobrazeno": "47x", "xid": "0E4EBE387F8411E88359406186009F3A", "rejstříkové záznamy": [{"typ": "Dílo", "obsah": "Hladová zeď"}, {"typ": "Dílo", "obsah": "Petřínská rozhledna (Praha-Malá Strana)"}, {"typ": "Místo", "obsah": "Malá Strana"}, {"typ": "Místo", "obsah": "Petřín"}, {"typ": "Osoba", "obsah": "Pfeiffer, Julius (1879-1947)"}, {"typ": "Věc. objekt", "obsah": "1. světová válka"}, {"typ": "Věc. objekt", "obsah": "kuchyně vojenská"}, {"typ": "Věc. objekt", "obsah": "Reachova sbírka"}]}