{"typ záznamu": "Archiválie", "signatura": "I 12060", "druh": "pozitiv", "obsah": "Pohled na osvětlené pražské památky při příležitosti 10. výročí samostatnosti Československé republiky - (zprava) Pražský hrad, kostel sv. Mikuláše na Malé Strany a Malostranské mostecké věže. V popředí neosvětlená budova Starkovy akademie (dům čp. 128 na Malé Straně).", "autor": "Vopravil, Josef (1902-1972)", "datace": "28.10.1928", "zobrazeno": "45x", "xid": "0E6FF1D0205F11E88E87406186009F3A", "rejstříkové záznamy": [{"typ": "Dílo", "obsah": "dům čp. 128 (Praha-Malá Strana); Strakova akademie"}, {"typ": "Dílo", "obsah": "kostel svatého Mikuláše (Praha - Malá Strana)"}, {"typ": "Dílo", "obsah": "Malostranské mostecké věže (Praha-Staré Město)"}, {"typ": "Dílo", "obsah": "Pražský hrad (Praha-Hradčany)"}, {"typ": "Místo", "obsah": "Hradčany (Praha)"}, {"typ": "Místo", "obsah": "Malá Strana"}, {"typ": "Osoba", "obsah": "Vopravil, Josef (1902-1972)"}, {"typ": "Věc. objekt", "obsah": "osvětlení slavnostní"}, {"typ": "Věc. objekt", "obsah": "panorama"}]}