{"typ záznamu": "Archiválie", "signatura": "X 395", "druh": "negativ", "obsah": "Skupina krojovaných svatebčanů v Piešťanech na Slovensku.", "autor": "Reach, Zikmund (1859-1935)", "datace": "5.9.1922", "zobrazeno": "15x", "xid": "0E6FA5E7331C11E8B010406186009F3A", "rejstříkové záznamy": [{"typ": "Místo", "obsah": "Piešťany"}, {"typ": "Místo", "obsah": "Slovensko"}, {"typ": "Osoba", "obsah": "Reach, Zikmund (1859-1935)"}, {"typ": "Věc. objekt", "obsah": "kroje"}, {"typ": "Věc. objekt", "obsah": "Reachova sbírka"}, {"typ": "Věc. objekt", "obsah": "svatba"}]}