{"typ záznamu": "Archiválie", "signatura": "VIII 1121", "druh": "negativ", "obsah": "Pohled do interiéru školy čp. 517 v Ječné ulici na Novém Městě (česká státní reálka) - tělocvična.", "autor": "Eckert, Jindřich (1833-1905)", "datace": "kol.1890", "zobrazeno": "49x", "xid": "0E84EB54A41B11E1BEEB000C766D2371", "rejstříkové záznamy": [{"typ": "Dílo", "obsah": "dům čp. 517 (Praha-Nové Město); škola"}, {"typ": "Místo", "obsah": "Ječná ulice"}, {"typ": "Místo", "obsah": "Nové Město (Praha)"}, {"typ": "Osoba", "obsah": "Eckert, Jindřich (1833-1905)"}]}