{"typ záznamu": "Archiválie", "signatura": "V 69/18 b", "druh": "pozitiv", "obsah": "Socha Hvězdáře a archanděla Michaela z orloje v jižním průčelí Staroměstské radnice (dům čp. 1 na Starém Městě) na Staroměstském náměstí po restaurování.", "autor": "Kříženecký, Jan (1868-1921)", "datace": "18.12.1911", "zobrazeno": "37x", "xid": "0E8DFA6A917311E8B9E274D435EEBE90", "rejstříkové záznamy": [{"typ": "Dílo", "obsah": "dům čp. 1 (Staré Město, Praha, Česko : radnice : 1338-)"}, {"typ": "Dílo", "obsah": "Staroměstský orloj (Praha-Staré Město)"}, {"typ": "Místo", "obsah": "Staré Město (Praha)"}, {"typ": "Místo", "obsah": "Staroměstské náměstí"}, {"typ": "Osoba", "obsah": "Kříženecký, Jan (1868-1921)"}]}