{"typ záznamu": "Archiválie", "signatura": "V 90/13", "druh": "pozitiv", "obsah": "Pohled na Staroměstské náměstí od ústí Melantrichovy ulice. Vlevo část Staroměstské radnice s orlojem (dům čp. 1 na Starém Městě), vpravo domy jižní strany náměstí. V pozadí kostel P. Marie před Týnem a před ním domy čp. 604, 603, vlevo mariánský sloup.", "autor": "Bellmann-ateliér", "datace": "1908-1918", "zobrazeno": "79x", "xid": "0ED9FC9444C411E9A0B1406186009F3A", "rejstříkové záznamy": [{"typ": "Dílo", "obsah": "dům čp. 1 (Staré Město, Praha, Česko : radnice : 1338-)"}, {"typ": "Dílo", "obsah": "dům čp. 603 (Praha-Staré Město)"}, {"typ": "Dílo", "obsah": "dům čp. 604 (Praha-Staré Město)"}, {"typ": "Dílo", "obsah": "kostel Panny Marie před Týnem (Praha, Česko : kostel)"}, {"typ": "Dílo", "obsah": "mariánský sloup na Staroměstském náměstí"}, {"typ": "Dílo", "obsah": "Staroměstský orloj (Praha-Staré Město)"}, {"typ": "Místo", "obsah": "Staré Město (Praha)"}, {"typ": "Místo", "obsah": "Staroměstské náměstí"}, {"typ": "Osoba", "obsah": "Bellmann-ateliér"}, {"typ": "Věc. objekt", "obsah": "povozy"}]}