{"typ záznamu": "Archiválie", "signatura": "VIII 1509", "druh": "negativ", "obsah": "Pohled do interiéru Klementina (dům čp. 190, 1040) na Starém Městě - 2. sál knihovny.", "autor": "Eckert, Jindřich (1833-1905)", "datace": "kol.1890", "zobrazeno": "20x", "xid": "0EFB0DDD955911E2BF29525400E46D25", "rejstříkové záznamy": [{"typ": "Dílo", "obsah": "dům čp. 190, 1040 (Praha-Staré Město); Klementinum"}, {"typ": "Místo", "obsah": "Staré Město (Praha)"}, {"typ": "Osoba", "obsah": "Eckert, Jindřich (1833-1905)"}]}