{"typ záznamu": "Archiválie", "signatura": "VIII 1169", "druh": "negativ", "obsah": "Pohled do interiéru kostela sv. Klimenta v Klementinu (dům čp. 190, 1040) na Starém Městě - strop.", "autor": "Eckert-ateliér", "datace": "6.11.1911", "zobrazeno": "28x", "xid": "0F1F3C136AC811E295C66C626D41E503", "rejstříkové záznamy": [{"typ": "Dílo", "obsah": "dům čp. 190, 1040 (Praha-Staré Město); Klementinum"}, {"typ": "Dílo", "obsah": "kostel sv. Klimenta v Klementinu (Praha-Staré Město)"}, {"typ": "Místo", "obsah": "Karlova ulice"}, {"typ": "Místo", "obsah": "Staré Město (Praha)"}, {"typ": "Osoba", "obsah": "Eckert-ateliér"}]}