{"typ záznamu": "Archiválie", "signatura": "X 10", "druh": "negativ", "obsah": "Pohled na dům čp. 857 na nároží ulic Na Příkopě a Nekázanky na Novém Městě s filiálním obchodem Waldek a Wagner.", "datace": "1890", "poznámka": "Reach, Zikmund (repro)", "zobrazeno": "131x", "xid": "0F360D48744C11E2A9206C626D41E503", "rejstříkové záznamy": [{"typ": "Dílo", "obsah": "dům čp. 857 (Praha-Nové Město)"}, {"typ": "Místo", "obsah": "Nové Město (Praha)"}, {"typ": "Místo", "obsah": "ulice Na Příkopě"}, {"typ": "Místo", "obsah": "ulice Nekázanka"}, {"typ": "Osoba", "obsah": "Reach, Zikmund (1859-1935)"}, {"typ": "Věc. objekt", "obsah": "obchod (obor)"}, {"typ": "Věc. objekt", "obsah": "Reachova sbírka"}]}