{"typ záznamu": "Archiválie", "signatura": "I 11718", "druh": "pozitiv", "obsah": "Pohled na rozestavěná vrata plavební komory u ostrova Štvanice. V pozadí Negrelliho viadukt.", "datace": "16.10.1909", "zobrazeno": "92x", "xid": "0F407B3F4F2D11E6A549000C76270B94", "rejstříkové záznamy": [{"typ": "Dílo", "obsah": "Negrelliho viadukt; Karlínský"}, {"typ": "Místo", "obsah": "Holešovice (Praha)"}, {"typ": "Místo", "obsah": "ostrov Štvanice"}, {"typ": "Místo", "obsah": "Vltava"}, {"typ": "Věc. objekt", "obsah": "plavební komory"}]}