{"typ záznamu": "Archiválie", "signatura": "VIII 1678", "druh": "negativ", "obsah": "Pohled na kolonii domů v Chrustenicích (u Loděnice u Berouna). Zleva domy čp. 36, čp. 37 a čp. 3.", "autor": "Eckert, Jindřich (1833-1905)", "datace": "kol.1890", "zobrazeno": "30x", "xid": "0F429713BED711E2A393D4BED94BB14D", "rejstříkové záznamy": [{"typ": "Dílo", "obsah": "továrna (Loděnice u Berouna)"}, {"typ": "Místo", "obsah": "Chrustenice"}, {"typ": "Místo", "obsah": "Loděnice u Berouna"}, {"typ": "Osoba", "obsah": "Eckert, Jindřich (1833-1905)"}]}