{"typ záznamu": "Archiválie", "signatura": "I 9801", "druh": "pozitiv", "obsah": "Pohled na část prostranství po zbořeném domě čp. 655 na Starém Městě (Ústav šlechtičen) při náměstí Republiky k východu. Uprostřed základy novostavby domu čp. 655 (dům pojišťovny Kotva) na Starém Městě a zbytek sklepení. V pozadí vpravo domy na Novém Městě čp. 1078 - 1079 (kasárna Jiřího z Poděbrad - Josefská) a vlevo dům čp. 1080.", "autor": "Alexander, Antonín (1892-působnost do 1948)", "datace": "21.3.1928", "zobrazeno": "96x", "xid": "0FA5EF96161211E390486C626D41E503", "rejstříkové záznamy": [{"typ": "Dílo", "obsah": "dům čp. 1078-1079 (Praha-Nové Město)"}, {"typ": "Dílo", "obsah": "dům čp. 1079 (Praha-Nové Město)"}, {"typ": "Dílo", "obsah": "dům čp. 1080 (Praha-Nové Město)"}, {"typ": "Dílo", "obsah": "dům čp. 655 (Praha-Staré Město)"}, {"typ": "Místo", "obsah": "náměstí Republiky"}, {"typ": "Místo", "obsah": "Revoluční ulice"}, {"typ": "Místo", "obsah": "Staré Město (Praha)"}, {"typ": "Osoba", "obsah": "Alexander, Antonín (1892-působnost do 1948)"}]}