{"typ záznamu": "Archiválie", "signatura": "I 12972", "druh": "pozitiv", "obsah": "Pohled na německé spolkové studenty v typických čepicích (cerevisky), kteří během tzv. „Příkopových bitev“ opouštějí Německý dům (dům čp. 859 na Novém Městě) zadním vchodem na Senovážné náměstí. V pozadí dům čp. 866 na Novém Městě.", "autor": "Jehlička", "datace": "říjen 1908-listopad 1908", "zobrazeno": "26x", "xid": "0fae9b5734014b1897c850ec08ad2b4c", "rejstříkové záznamy": []}