{"typ záznamu": "Archiválie", "signatura": "I 11816", "druh": "pozitiv", "obsah": "Pohled na spouštění přepravené lodi na vodu nad novým Helmovským jezem. V pozadí provizorní dřevěný most (Hlávkův).", "datace": "26.3.1910", "zobrazeno": "57x", "xid": "1041436D62DA11E6A552000C76270B94", "rejstříkové záznamy": [{"typ": "Dílo", "obsah": "provizorní dřevěný most (dnes zde Hlávkův)"}, {"typ": "Místo", "obsah": "Holešovice (Praha)"}, {"typ": "Místo", "obsah": "Vltava"}, {"typ": "Věc. objekt", "obsah": "jezy (vodní díla)"}, {"typ": "Věc. objekt", "obsah": "lodě"}]}