{"typ záznamu": "Archiválie", "signatura": "II 1628", "druh": "pozitiv", "obsah": "Celkový pohled na dům čp. 855 v Panské ulici na Novém Městě. V pozadí dům čp. 893.", "datace": "před 1927", "zobrazeno": "23x", "xid": "1044C05A8EC311E5BCC9406186009F3A", "rejstříkové záznamy": [{"typ": "Dílo", "obsah": "dům čp. 855 / NOVÉ MĚSTO"}, {"typ": "Dílo", "obsah": "dům čp. 893 (Praha-Nové Město)"}, {"typ": "Místo", "obsah": "Nové Město (Praha)"}, {"typ": "Místo", "obsah": "Panská ulice"}]}