{"typ záznamu": "Archiválie", "signatura": "VIII 1080", "druh": "negativ", "obsah": "Celkový pohled na dům čp. 1936 (hostinec \"V Novém Koutku\") v Botičské ulici na Novém Městě. Vlevo část domu čp. 1937.", "autor": "Eckert, Jindřich (1833-1905)", "datace": "4.5.1902", "zobrazeno": "32x", "xid": "10471C46768A11E2BF17525400E46D25", "rejstříkové záznamy": [{"typ": "Dílo", "obsah": "dům čp. 1936 (Praha-Nové Město)"}, {"typ": "Dílo", "obsah": "dům čp. 1937 (Praha-Nové Město)"}, {"typ": "Místo", "obsah": "Botičská ulice"}, {"typ": "Místo", "obsah": "Nové Město (Praha)"}, {"typ": "Osoba", "obsah": "Eckert, Jindřich (1833-1905)"}]}