{"typ záznamu": "Archiválie", "signatura": "VIII 1300", "druh": "negativ", "obsah": "Pohled do interiéru Zemské banky (dům čp. 858) na Novém Městě v ulici Na Příkopě - hala s přepážkami (světlík).", "autor": "Eckert, Jindřich (1833-1905)", "datace": "9.4.1902", "zobrazeno": "24x", "xid": "1047D0EA824C11E2BF1E525400E46D25", "rejstříkové záznamy": [{"typ": "Dílo", "obsah": "dům čp. 858 (Praha-Nové Město); banka"}, {"typ": "Místo", "obsah": "Nové Město (Praha)"}, {"typ": "Místo", "obsah": "ulice Na Příkopě"}, {"typ": "Osoba", "obsah": "Eckert, Jindřich (1833-1905)"}]}