{"typ záznamu": "Archiválie", "signatura": "I 12900", "druh": "pozitiv", "obsah": "Pohled na stavbu budovy Magistrátu hlavního města Prahy (dům čp. 2) na Mariánském náměstí na Starém Městě - stavba dvorany.", "zobrazeno": "9x", "xid": "105b5a31ce694fe48a607615efbd8799", "rejstříkové záznamy": [{"typ": "Dílo", "obsah": "dům čp. 2 (Praha-Staré Město); Nová radnice"}, {"typ": "Místo", "obsah": "Mariánské náměstí"}, {"typ": "Místo", "obsah": "Staré Město (Praha)"}]}