{"typ záznamu": "Archiválie", "signatura": "VIII 1618", "druh": "negativ", "obsah": "Pohled na lom v údolí řeky Bíliny (\"Bielatale\") v Českém středohoří.", "autor": "Eckert, Jindřich (1833-1905)", "datace": "kol.1890", "zobrazeno": "10x", "xid": "108CC8FEEB6611E5BDA5D4BED94BB14D", "rejstříkové záznamy": [{"typ": "Místo", "obsah": "Bílina"}, {"typ": "Místo", "obsah": "České středohoří"}, {"typ": "Místo", "obsah": "lom (České středohoří)"}, {"typ": "Osoba", "obsah": "Eckert, Jindřich (1833-1905)"}]}