{"typ záznamu": "Archiválie", "signatura": "I 9762", "druh": "pozitiv", "obsah": "Pohled do interiéru domu čp. 490 (palác Metychů z Čečova - Hrzánský) na Velkopřevorském náměstí na Malé Straně - schodiště s krucifixem.", "autor": "Vojta, Tomáš (1885-1934)", "datace": "1925", "zobrazeno": "29x", "xid": "1092FD0F05B811E389696C626D41E503", "rejstříkové záznamy": [{"typ": "Dílo", "obsah": "dům čp. 490 (Praha-Malá Strana); palác Metychů z Čečova - Hrzánský"}, {"typ": "Místo", "obsah": "Malá Strana"}, {"typ": "Místo", "obsah": "Velkopřevorské náměstí"}, {"typ": "Osoba", "obsah": "Vojta, Tomáš (1885-1934)"}]}