{"typ záznamu": "Archiválie", "signatura": "V 19/20", "druh": "pozitiv", "obsah": "Pohled ze svahu Vítkova na vnější část nádraží Rakouské společnosti státní dráhy (dnes Masarykovo nádraží - dům čp. 1014 na Novém Městě).", "autor": "anonym", "datace": "kol.1870", "zobrazeno": "93x", "xid": "10E644DA21F311E8B26274D435EEBE90", "rejstříkové záznamy": [{"typ": "Dílo", "obsah": "dům čp. 1014 (Praha-Nové Město); Masarykovo nádraží"}, {"typ": "Místo", "obsah": "Nové Město (Praha)"}, {"typ": "Místo", "obsah": "Staré Město (Praha)"}, {"typ": "Osoba", "obsah": "anonym"}]}