{"typ záznamu": "Archiválie", "signatura": "I 7979", "druh": "pozitiv", "obsah": "Pražské povstání - 5.5.1945 - odpoledne. Muž s praporem s českým lvem na Václavském náměstí u Můstku.", "autor": "Velebil, Karel (?)", "datace": "5.5.1945", "zobrazeno": "81x", "xid": "10F402D6D65311E18B876C626D41E503", "rejstříkové záznamy": [{"typ": "Místo", "obsah": "Nové Město (Praha)"}, {"typ": "Místo", "obsah": "Václavské náměstí"}, {"typ": "Osoba", "obsah": "Velebil, Karel (?)"}, {"typ": "Věc. objekt", "obsah": "Pražské povstání - květen 1945"}]}