{"typ záznamu": "Archiválie", "signatura": "I 11051", "druh": "pozitiv", "obsah": "Celkový pohled na kostel sv. Antonína z Padovy v Holešovicích na Strossmayerově náměstí - jižní průčelí.", "autor": "Alexander, Antonín (1892-působnost do 1948)", "datace": "31.8.1937", "zobrazeno": "64x", "xid": "1117D291669311E481D7D4BED94BB14D", "rejstříkové záznamy": [{"typ": "Dílo", "obsah": "kostel sv. Antonína (Praha-Holešovice)"}, {"typ": "Místo", "obsah": "Holešovice (Praha)"}, {"typ": "Místo", "obsah": "Strossmayerovo náměstí"}, {"typ": "Osoba", "obsah": "Alexander, Antonín (1892-působnost do 1948)"}]}