{"typ záznamu": "Archiválie", "signatura": "I 11300", "druh": "pozitiv", "obsah": "Pohled na hroby při nově vystavené (oproti původní posunuté) zdi Malostranského hřbitova na Smíchově - při Plzeňské ulici.", "autor": "Pacovský, Jaroslav", "datace": "kol.1950", "zobrazeno": "61x", "xid": "112DE511304211E5A53574D435EEBE90", "rejstříkové záznamy": [{"typ": "Místo", "obsah": "Malostranský hřbitov (Praha-Smíchov)"}, {"typ": "Místo", "obsah": "Plzeňská ulice"}, {"typ": "Místo", "obsah": "Smíchov"}, {"typ": "Osoba", "obsah": "Pacovský, Jaroslav"}]}