{"typ záznamu": "Archiválie", "signatura": "VIII 1094", "druh": "negativ", "obsah": "Pohled na zahradní průčelí městského chudobince sv. Bartoloměje (dům čp. 427) ve Vyšehradské ulici na Novém Městě.", "autor": "Eckert, Jindřich (1833-1905)", "datace": "kol.1890", "zobrazeno": "53x", "xid": "11648BB3819511E2BF1C525400E46D25", "rejstříkové záznamy": [{"typ": "Dílo", "obsah": "dům čp. 427 (Praha-Nové Město); chudobinec u sv. Bartoloměje"}, {"typ": "Místo", "obsah": "Nové Město (Praha)"}, {"typ": "Místo", "obsah": "Vyšehradská ulice"}, {"typ": "Osoba", "obsah": "Eckert, Jindřich (1833-1905)"}]}