{"typ záznamu": "Archiválie", "signatura": "I 12076", "druh": "pozitiv", "obsah": "Pohled na osvětlený pomník Karla Hynka Máchy v Petřínských sadech na Malé Straně při příležitosti 10. výročí samostatnosti Československé republiky.", "autor": "Vopravil, Josef (1902-1972)", "datace": "28.10.1928", "zobrazeno": "39x", "xid": "117829B617DA11E891E8406186009F3A", "rejstříkové záznamy": [{"typ": "Dílo", "obsah": "pomník Karla Hynka Máchy (Praha-Malá Strana)"}, {"typ": "Místo", "obsah": "Malá Strana"}, {"typ": "Místo", "obsah": "Petřín"}, {"typ": "Místo", "obsah": "Petřínské sady"}, {"typ": "Osoba", "obsah": "Mácha, Karel Hynek (1810-1836)"}, {"typ": "Osoba", "obsah": "Vopravil, Josef (1902-1972)"}, {"typ": "Věc. objekt", "obsah": "osvětlení slavnostní"}]}