{"typ záznamu": "Archiválie", "signatura": "I 11192", "druh": "pozitiv", "obsah": "Pohled na průčelí \"Faustova domu\" (dům čp. 502 na Novém Městě) do Vyšehradské ulice - poškozeném po náletu spojenců v únoru 1945. V popředí zničená terasní zeď zahrady kostela sv. Jana Na Skalce.", "autor": "Sudek, Josef (1896-1976)", "datace": "únor 1945", "zobrazeno": "90x", "xid": "11D88BE7E44311E4BE0074D435EEBE90", "rejstříkové záznamy": [{"typ": "Dílo", "obsah": "dům čp. 502 (Praha-Nové Město); Faustův dům"}, {"typ": "Místo", "obsah": "Nové Město (Praha)"}, {"typ": "Místo", "obsah": "Vyšehradská ulice"}, {"typ": "Osoba", "obsah": "Sudek, Josef (1896-1976)"}, {"typ": "Věc. objekt", "obsah": "nálety spojenců 14.2.1945"}]}