{"typ záznamu": "Archiválie", "signatura": "I 9770", "druh": "pozitiv", "obsah": "Pohled na jižní průčelí Staroměstské radnice (dům čp. 1) na Staroměstském náměstí.", "autor": "Fink, František (1854-1935)", "datace": "kol.1920", "zobrazeno": "46x", "xid": "120A6E640FE111E38E586C626D41E503", "rejstříkové záznamy": [{"typ": "Dílo", "obsah": "dům čp. 1 (Staré Město, Praha, Česko : radnice : 1338-)"}, {"typ": "Místo", "obsah": "Staré Město (Praha)"}, {"typ": "Místo", "obsah": "Staroměstské náměstí"}, {"typ": "Osoba", "obsah": "Fink, František (1854-1935)"}]}