{"typ záznamu": "Archiválie", "signatura": "I 11831", "druh": "pozitiv", "obsah": "Pohled na stavbu plavebních komor u ostrova Štvanice. V pozadí Negrelliho viadukt.", "datace": "3.6.1910", "zobrazeno": "69x", "xid": "12572762639011E6A553000C76270B94", "rejstříkové záznamy": [{"typ": "Dílo", "obsah": "Negrelliho viadukt; Karlínský"}, {"typ": "Místo", "obsah": "Holešovice (Praha)"}, {"typ": "Místo", "obsah": "ostrov Štvanice"}, {"typ": "Místo", "obsah": "Vltava"}, {"typ": "Věc. objekt", "obsah": "plavební komory"}, {"typ": "Věc. objekt", "obsah": "rypadla (těžařské stroje)"}, {"typ": "Věc. objekt", "obsah": "stroje"}]}