{"typ záznamu": "Archiválie", "signatura": "I 11624", "druh": "pozitiv", "obsah": "Pohled na pokládání pumpy v dolní části plavební komory u ostrova Štvanice.", "datace": "21.7.1909", "zobrazeno": "106x", "xid": "126495E8F1D411E5A523000C76270B94", "rejstříkové záznamy": [{"typ": "Místo", "obsah": "Holešovice (Praha)"}, {"typ": "Místo", "obsah": "Karlín (Praha)"}, {"typ": "Místo", "obsah": "ostrov Štvanice"}, {"typ": "Místo", "obsah": "Rohanský ostrov"}, {"typ": "Místo", "obsah": "Vltava"}, {"typ": "Věc. objekt", "obsah": "plavební komory"}]}