{"typ záznamu": "Archiválie", "signatura": "V 2/6", "druh": "pozitiv", "obsah": "Pohled do Klášterské ulice (dnes Malá Klášterní) na Starém Městě. Vpravo přízemní dům čp. 832 při klášteru sv. Anežky (dům čp. 811). V pozadí část kostela sv. Františka v areálu Anežského kláštera.", "autor": "Klíma, Alois, Ing. (1873-1955)", "datace": "1908", "zobrazeno": "43x", "xid": "1285F65C968C11E49A5E406186009F3A", "rejstříkové záznamy": [{"typ": "Dílo", "obsah": "dům čp. 832 (Praha-Staré Město)"}, {"typ": "Dílo", "obsah": "kostel sv. Františka v Anežském klášteře (Praha-Staré Město)"}, {"typ": "Místo", "obsah": "Malá Klášterní ulice"}, {"typ": "Místo", "obsah": "Staré Město (Praha)"}, {"typ": "Osoba", "obsah": "Klíma, Alois, Ing. (1873-1955)"}]}