{"typ záznamu": "Archiválie", "signatura": "X 162 a", "druh": "negativ", "obsah": "Pohled na návštěvníky v dolní části Jubilejní výstavy obvodu obchodní a živnostenské komory v Praze na výstavišti v Bubenči v roce 1908 pořádané k 60. výročí panování císaře Františka Josefa I. V pozadí pavilon potravin a hostinec V. Vocela.", "datace": "1908", "zobrazeno": "46x", "xid": "12ABED3692AA11E59FAB406186009F3A", "rejstříkové záznamy": [{"typ": "Dílo", "obsah": "pavilon výstavní"}, {"typ": "Místo", "obsah": "Bubeneč"}, {"typ": "Věc. objekt", "obsah": "restaurace (obnova původních poměrů)"}, {"typ": "Věc. objekt", "obsah": "stereofotografie"}, {"typ": "Věc. objekt", "obsah": "výstava jubilejní 1908"}]}