{"typ záznamu": "Archiválie", "signatura": "VIII 1284", "druh": "negativ", "obsah": "Pohled na slavnost svěcení nových zvonů před kostelem P. Marie Na Slovanech (v Emauzích) na Novém Městě.", "autor": "Eckert, Jindřich (1833-1905)", "datace": "1897", "zobrazeno": "48x", "xid": "12B47647922211E2BF28525400E46D25", "rejstříkové záznamy": [{"typ": "Dílo", "obsah": "kostel P. Marie Na Slovanech - v Emauzích (Praha-Nové Město)"}, {"typ": "Místo", "obsah": "Nové Město (Praha)"}, {"typ": "Osoba", "obsah": "Eckert, Jindřich (1833-1905)"}, {"typ": "Věc. objekt", "obsah": "slavnost svěcení zvonů"}, {"typ": "Věc. objekt", "obsah": "zvony (nástroje)"}]}