{"typ záznamu": "Archiválie", "signatura": "I 11417", "druh": "pozitiv", "obsah": "Pohled na Břevnov - západně od strahovských lomů - 1. část panoramatu. V pozadí cihelna Na Panenské, vlevo kostel sv. Norberta ve Střešovicích.", "autor": "Alexander, Antonín (1892-působnost do 1948)", "datace": "16.5.1925", "zobrazeno": "100x", "xid": "12C1C0C4B61F11E58B3BD4BED94BB14D", "rejstříkové záznamy": [{"typ": "Dílo", "obsah": "cihelna (Praha-Střešovice); Na Panenské"}, {"typ": "Dílo", "obsah": "kostel sv. Norberta (Praha-Střešovice)"}, {"typ": "Místo", "obsah": "Břevnov"}, {"typ": "Místo", "obsah": "Střešovice"}, {"typ": "Osoba", "obsah": "Alexander, Antonín (1892-působnost do 1948)"}]}