{"typ záznamu": "Archiválie", "signatura": "X 10390", "druh": "negativ", "obsah": "Průhled Vlašskou ulicí k Tržišti - vlevo kostel sv. Karla Boromejského při nemocnici Milosrdných sester sv. Karla Boromejského pod Petřínem (dům čp. 336 na Malé Straně).", "autor": "Eckert-ateliér", "datace": "kol.1925", "zobrazeno": "74x", "xid": "12D0815FF8A711E4808074D435EEBE90", "rejstříkové záznamy": [{"typ": "Dílo", "obsah": "dům čp. 336 (Praha-Malá Strana); nemocnice"}, {"typ": "Dílo", "obsah": "kostel sv. Karla Boromejského (Praha-Malá Strana)"}, {"typ": "Místo", "obsah": "Malá Strana"}, {"typ": "Místo", "obsah": "Vlašská ulice"}, {"typ": "Osoba", "obsah": "Eckert-ateliér"}]}