{"typ záznamu": "Archiválie", "signatura": "IX 18265", "druh": "negativ", "obsah": "Celkový pohled na pavilon velkých savců Zoologické zahrady Praha v Troji.", "autor": "Scheufler, Pavel", "datace": "1979", "zobrazeno": "31x", "xid": "12FB93E0293411E994E6406186009F3A", "rejstříkové záznamy": [{"typ": "Dílo", "obsah": "pavilon velkých savců ZOO Praha (Praha-Troja)"}, {"typ": "Místo", "obsah": "Troja"}, {"typ": "Osoba", "obsah": "Scheufler, Pavel (1950-)"}, {"typ": "Věc. objekt", "obsah": "sloni (savci)"}, {"typ": "Věc. objekt", "obsah": "zoologická zahrada"}]}