{"typ záznamu": "Archiválie", "signatura": "VIII 1290", "druh": "negativ", "obsah": "Celkový pohled na Karlův most od Staroměstských mlýnů. V pozadí Pražský hrad.", "autor": "Eckert, Jindřich (1833-1905)", "datace": "kol.1893", "zobrazeno": "28x", "xid": "130C77E47C2511E2BF19525400E46D25", "rejstříkové záznamy": [{"typ": "Dílo", "obsah": "Karlův most (Praha, Česko : stavba)"}, {"typ": "Dílo", "obsah": "Pražský hrad (Praha-Hradčany)"}, {"typ": "Místo", "obsah": "Vltava"}, {"typ": "Osoba", "obsah": "Eckert, Jindřich (1833-1905)"}]}