{"typ záznamu": "Archiválie", "signatura": "I 9917", "druh": "pozitiv", "obsah": "Pohled z Barrandovské skály do Prokopského údolí s železničním viaduktem Buštěhradské dráhy, s částí vesnice Hlubočepy. V pozadí vlevo kostel sv. Prokopa. Nad skalami se prostírají pláně dnešního území Radlic. Součást panoramatu.", "autor": "Alexander, Antonín (1892-působnost do 1948)", "datace": "4.4.1926", "zobrazeno": "151x", "xid": "1380238BB99511E3A934406186009F3A", "rejstříkové záznamy": [{"typ": "Dílo", "obsah": "kostel sv. Prokopa (Praha-Hlubočepy)"}, {"typ": "Dílo", "obsah": "viadukt Buštěhradské dráhy v Prokopském údolí; Pražský Semmering"}, {"typ": "Místo", "obsah": "Hlubočepy"}, {"typ": "Místo", "obsah": "Prokopské údolí"}, {"typ": "Místo", "obsah": "Radlice (Praha)"}, {"typ": "Osoba", "obsah": "Alexander, Antonín (1892-působnost do 1948)"}]}