{"typ záznamu": "Archiválie", "signatura": "V 1/5 c", "druh": "pozitiv", "obsah": "Pohled na zbytky románského zdiva nalezeného při bourání domu čp. 16 na Starém Městě (Andělská kolej) v Mikulášské ulici (dnes náměstí Franze Kafky) .", "autor": "Kříženecký, Jan (1868-1921)", "datace": "30.11.1909", "zobrazeno": "55x", "xid": "1395BD2C808711E4AAB4406186009F3A", "rejstříkové záznamy": [{"typ": "Dílo", "obsah": "dům čp. 16 (Praha-Staré Město); Andělská kolej"}, {"typ": "Místo", "obsah": "náměstí Franze Kafky"}, {"typ": "Místo", "obsah": "Staré Město (Praha)"}, {"typ": "Osoba", "obsah": "Kříženecký, Jan (1868-1921)"}, {"typ": "Věc. objekt", "obsah": "Asanace"}]}