{"typ záznamu": "Archiválie", "signatura": "I 9880", "druh": "pozitiv", "obsah": "Klenba přízemních arkád zahradního pavilonu Schönbornského paláce - domu čp. 365 na Malé Straně.", "autor": "Vojta, Tomáš (1885-1934)", "datace": "červen 1931", "zobrazeno": "19x", "xid": "139F58247D2411E3BE26406186009F3A", "rejstříkové záznamy": [{"typ": "Dílo", "obsah": "dům čp. 365 (Praha-Malá Strana); Schönbornský palác"}, {"typ": "Místo", "obsah": "Malá Strana"}, {"typ": "Osoba", "obsah": "Vojta, Tomáš (1885-1934)"}]}