{"typ záznamu": "Archiválie", "signatura": "I 9746", "druh": "pozitiv", "obsah": "Pohled na dům čp. 490 (palác Metychů z Čečova - Hrzánský) na Velkopřevorském náměstí na Malé Straně ze zahrady Velkopřevorského paláce (dům čp. 485 na Malé Straně).", "autor": "Fink, František (1854-1935)", "datace": "kol.1910", "zobrazeno": "35x", "xid": "13BA8AEB04FB11E3A4F66C626D41E503", "rejstříkové záznamy": [{"typ": "Dílo", "obsah": "dům čp. 485 (Praha-Malá Strana); Velkopřevorský palác"}, {"typ": "Dílo", "obsah": "dům čp. 490 (Praha-Malá Strana); palác Metychů z Čečova - Hrzánský"}, {"typ": "Místo", "obsah": "Malá Strana"}, {"typ": "Místo", "obsah": "Velkopřevorské náměstí"}, {"typ": "Osoba", "obsah": "Fink, František (1854-1935)"}]}