{"typ záznamu": "Archiválie", "signatura": "VIII 1155", "druh": "negativ", "obsah": "Pohled na pavilony na výstavišti v Bubenči při Jubilejní výstavě 1891.", "autor": "Eckert, Jindřich (1833-1905)", "datace": "1891", "zobrazeno": "70x", "xid": "13CEC4F96A2711E2BF13525400E46D25", "rejstříkové záznamy": [{"typ": "Místo", "obsah": "Bubeneč"}, {"typ": "Místo", "obsah": "výstaviště (Praha-Bubeneč)"}, {"typ": "Osoba", "obsah": "Eckert, Jindřich (1833-1905)"}, {"typ": "Věc. objekt", "obsah": "Jubilejní výstava 1891"}]}