{"typ záznamu": "Archiválie", "signatura": "I 11287", "druh": "pozitiv", "obsah": "Pohled na hroby při nově vystavené (oproti původní posunuté) zdi Malostranského hřbitova na Smíchově - při Plzeňské ulici.", "autor": "Alexander, Antonín (1892-působnost do 1948)", "datace": "28.9.1928", "zobrazeno": "75x", "xid": "13E83E2C2FC311E5A57D74D435EEBE90", "rejstříkové záznamy": [{"typ": "Místo", "obsah": "Malostranský hřbitov (Praha-Smíchov)"}, {"typ": "Místo", "obsah": "Plzeňská ulice"}, {"typ": "Místo", "obsah": "Smíchov"}, {"typ": "Osoba", "obsah": "Alexander, Antonín (1892-působnost do 1948)"}]}