{"typ záznamu": "Archiválie", "signatura": "I 11756", "druh": "pozitiv", "obsah": "Pohled na stavbu špičky ostrova Štvanice. V pozadí provizorní dřevěný most (Hlávkův).", "datace": "23.9.1908", "zobrazeno": "54x", "xid": "13F439EB53DB11E6A54D000C76270B94", "rejstříkové záznamy": [{"typ": "Dílo", "obsah": "provizorní dřevěný most (dnes zde Hlávkův)"}, {"typ": "Místo", "obsah": "Holešovice (Praha)"}, {"typ": "Místo", "obsah": "ostrov Štvanice"}, {"typ": "Místo", "obsah": "Vltava"}]}