{"typ záznamu": "Archiválie", "signatura": "I 11537", "druh": "pozitiv", "obsah": "Pohled na vycpaného koně Albrechta z Valdštejna v interiéru Valdštejnského paláce (dům čp. 17 na Malé Straně).", "autor": "Eckert, Jindřich (1833-1905)", "poznámka": "Eckert, Jindřich - Eckert-ateliér (repro)", "zobrazeno": "68x", "xid": "140AB499DBB911E5AB3774D435EEBE90", "rejstříkové záznamy": [{"typ": "Dílo", "obsah": "dům čp. 17 (Praha-Malá Strana); Valdštejnský palác"}, {"typ": "Místo", "obsah": "Malá Strana"}, {"typ": "Místo", "obsah": "Valdštejnské náměstí"}, {"typ": "Osoba", "obsah": "Eckert-ateliér"}, {"typ": "Osoba", "obsah": "Eckert, Jindřich (1833-1905)"}, {"typ": "Osoba", "obsah": "z Valdštejna, Albrecht (1583-1634)"}]}