{"typ záznamu": "Archiválie", "signatura": "V 14/6", "druh": "pozitiv", "obsah": "Pohled do Rudolfovy galerie na Pražském hradě (Německý sál).", "autor": "Bellmann, Carl", "zobrazeno": "41x", "xid": "14566087659011E8B6E074D435EEBE90", "rejstříkové záznamy": [{"typ": "Dílo", "obsah": "Pražský hrad (Praha-Hradčany)"}, {"typ": "Dílo", "obsah": "Rudolfova galerie na Pražském hradě; Německý sál"}, {"typ": "Místo", "obsah": "Hradčany (Praha)"}, {"typ": "Osoba", "obsah": "Bellmann, Carl"}]}