{"typ záznamu": "Archiválie", "signatura": "I 9448", "druh": "pozitiv", "obsah": "Pohled do dvora domu čp. 236 na Starém Městě - zahradní restaurace \"U Vocílků\" (\"U Vocelků\") před přestavbou - dvorní průčelí jižního traktu, kde bylo přízemí adaptováno pro Hlaváčkův obchod se starožitnostmi.", "autor": "Alexander, Antonín (1892-působnost do 1948)", "datace": "19.9.1926", "zobrazeno": "37x", "xid": "14603E2CECDA11DFBD7B000C766D2371", "rejstříkové záznamy": [{"typ": "Dílo", "obsah": "dům čp. 236 (Praha-Staré Město)"}, {"typ": "Místo", "obsah": "Staré Město (Praha)"}, {"typ": "Osoba", "obsah": "Alexander, Antonín (1892-působnost do 1948)"}]}