{"typ záznamu": "Archiválie", "signatura": "I 9727", "druh": "pozitiv", "obsah": "Pohled na pomník Karla Havlíčka Borovského na Žižkově.", "autor": "Alexander, Antonín (1892-působnost do 1948)", "datace": "24.9.1942", "zobrazeno": "58x", "xid": "14729CE2C83C11E2ACB8406186009F3A", "rejstříkové záznamy": [{"typ": "Dílo", "obsah": "pomník Karla Havlíčka Borovského (Praha-Žižkov)"}, {"typ": "Místo", "obsah": "Žižkov (Praha)"}, {"typ": "Osoba", "obsah": "Alexander, Antonín (1892-působnost do 1948)"}, {"typ": "Osoba", "obsah": "Havlíček Borovský, Karel (1821-1856)"}]}