{"typ záznamu": "Archiválie", "signatura": "VIII 1219", "druh": "negativ", "obsah": "Pohled do interiéru kostela sv. Salvátora na Křižovnickém náměstí na Starém Městě - hlavní loď směrem k hlavnímu oltáři.", "autor": "Eckert, Jindřich (1833-1905)", "datace": "kol.1885", "zobrazeno": "24x", "xid": "14CF9E44769811E2BF17525400E46D25", "rejstříkové záznamy": [{"typ": "Dílo", "obsah": "kostel sv. Salvátora na Křižovnickém náměstí (Praha-Staré Město)"}, {"typ": "Místo", "obsah": "Křižovnické náměstí"}, {"typ": "Místo", "obsah": "Staré Město (Praha)"}, {"typ": "Osoba", "obsah": "Eckert, Jindřich (1833-1905)"}]}