{"typ záznamu": "Archiválie", "signatura": "I 11597", "druh": "pozitiv", "obsah": "Pohled na vykládání krycích desek pro plavební komoru u ostrova Štvanice z lodě pod Negrelliho viaduktem. V pozadí provizorní dřevěný most (Hlávkův).", "datace": "30.2.1909", "zobrazeno": "143x", "xid": "15020B3DEA8E11E5A51F000C76270B94", "rejstříkové záznamy": [{"typ": "Dílo", "obsah": "Negrelliho viadukt; Karlínský"}, {"typ": "Dílo", "obsah": "provizorní dřevěný most (dnes zde Hlávkův)"}, {"typ": "Místo", "obsah": "Holešovice (Praha)"}, {"typ": "Místo", "obsah": "ostrov Štvanice"}, {"typ": "Místo", "obsah": "Vltava"}, {"typ": "Věc. objekt", "obsah": "lodě"}]}