{"typ záznamu": "Archiválie", "signatura": "X 325", "druh": "negativ", "obsah": "Reprodukce portrétů českých spisovatelů, kteří vydali své spisy u Ottova nakladatelství do roku 1911 - ředitel Karel Václav Rais, c. a k. ministr prof. Dr. Antonín rytíř Randa, prof. Dr. Bohuslav Raýman, c. a k. ministr prof. Dr. Antonín Rezek, prof. František Ladislav svobodný pán Rieger, prof. Dr. Bohuslav svobodný pán Rieger, Josef Richard Rozkošný, ředitel František Ruth, Eugen Miroslav Rutte a Jan Vlastimil Rychtařík.", "autor": "Reach, Zikmund (1859-1935)", "datace": "po 1911", "zobrazeno": "45x", "xid": "1530396DC42A11E59F64406186009F3A", "rejstříkové záznamy": [{"typ": "Osoba", "obsah": "Rais, Karel Václav"}, {"typ": "Osoba", "obsah": "Randa, Antonín"}, {"typ": "Osoba", "obsah": "Raýman, Bohuslav"}, {"typ": "Osoba", "obsah": "Reach, Zikmund (1859-1935)"}, {"typ": "Osoba", "obsah": "Rezek, Antonín"}, {"typ": "Osoba", "obsah": "Rieger, Bohuslav"}, {"typ": "Osoba", "obsah": "Rieger, František Ladislav"}, {"typ": "Osoba", "obsah": "Rozkošný, Josef Richard (skladatel, sbormistr, klavírista)"}, {"typ": "Osoba", "obsah": "Ruth, František"}, {"typ": "Osoba", "obsah": "Rutte, Eugen Miroslav"}, {"typ": "Osoba", "obsah": "Rychtařík, Jan Vlastimil"}, {"typ": "Věc. objekt", "obsah": "portéty"}, {"typ": "Věc. objekt", "obsah": "Reachova sbírka"}, {"typ": "Věc. objekt", "obsah": "spisovatelé"}]}