{"typ záznamu": "Archiválie", "signatura": "VIII 1424", "druh": "negativ", "obsah": "Pohled na stavbu kanalizace u Císařského ostrova - dřevěná roura ve výkopu řečiště.", "autor": "Eckert, Jindřich (1833-1905)", "datace": "1.10.1901", "zobrazeno": "42x", "xid": "15529FC18D5511E2BF25525400E46D25", "rejstříkové záznamy": [{"typ": "Místo", "obsah": "Císařský ostrov"}, {"typ": "Místo", "obsah": "Troja"}, {"typ": "Místo", "obsah": "Vltava"}, {"typ": "Osoba", "obsah": "Eckert, Jindřich (1833-1905)"}, {"typ": "Věc. objekt", "obsah": "kanalizace (soustavy pro svod odpadů)"}]}