{"typ záznamu": "Archiválie", "signatura": "I 9695", "druh": "pozitiv", "obsah": "Pohled na dvorní (západní) průčelí domů čp. 350, čp. 1590 a čp. 1591 v Podskalí na Novém Městě ze smetiště při severní straně dvorního křídla domu čp. 364.", "autor": "Bernau, Karel, Ing. (1880-1948)", "datace": "27.8.1922", "zobrazeno": "63x", "xid": "155F7B035E4711E28C086C626D41E503", "rejstříkové záznamy": [{"typ": "Dílo", "obsah": "dům čp. 1590 (Praha-Nové Město); původní"}, {"typ": "Dílo", "obsah": "dům čp. 1591 (Praha-Nové Město); původní"}, {"typ": "Dílo", "obsah": "dům čp. 350 (Praha-Nové Město); původní"}, {"typ": "Místo", "obsah": "Nové Město (Praha)"}, {"typ": "Místo", "obsah": "Podskalí (Praha-Nové Město)"}, {"typ": "Osoba", "obsah": "Bernau, Karel, Ing. (1880-1948)"}]}