{"typ záznamu": "Archiválie", "signatura": "VIII 1153", "druh": "negativ", "obsah": "Pohled do interiéru jednoho z pavilonů na výstavišti v Bubenči při Jubilejní výstavě 1891 - sklárna Josef Inwald.", "autor": "Eckert, Jindřich (1833-1905)", "datace": "1891", "zobrazeno": "86x", "xid": "1564A6E96A2611E2BF13525400E46D25", "rejstříkové záznamy": [{"typ": "Místo", "obsah": "Bubeneč"}, {"typ": "Místo", "obsah": "výstaviště (Praha-Bubeneč)"}, {"typ": "Osoba", "obsah": "Eckert, Jindřich (1833-1905)"}, {"typ": "Věc. objekt", "obsah": "Jubilejní výstava 1891"}]}