{"typ záznamu": "Archiválie", "signatura": "I 7978", "druh": "pozitiv", "obsah": "Pražské povstání - 5.5.1945 - odpoledne. První barikáda na Národní třídě před mostem Legií.", "autor": "Velebil, Karel (?)", "datace": "5.5.1945", "zobrazeno": "109x", "xid": "15855F76D65211E18B876C626D41E503", "rejstříkové záznamy": [{"typ": "Dílo", "obsah": "most Legií; císaře Františka I. (kamenný)"}, {"typ": "Místo", "obsah": "Národní třída"}, {"typ": "Místo", "obsah": "Nové Město (Praha)"}, {"typ": "Osoba", "obsah": "Velebil, Karel (?)"}, {"typ": "Věc. objekt", "obsah": "barikáda"}, {"typ": "Věc. objekt", "obsah": "Pražské povstání - květen 1945"}]}