{"typ záznamu": "Archiválie", "signatura": "I 9779", "druh": "pozitiv", "obsah": "Pohled na část západní strany Karlova náměstí. Uprostřed dům čp. 287 na Novém Městě na nároží ulice Na Zbořenci.", "autor": "Alexander, Antonín (1892-působnost do 1948)", "datace": "25.5.1931", "zobrazeno": "75x", "xid": "15976988157311E39CC26C626D41E503", "rejstříkové záznamy": [{"typ": "Dílo", "obsah": "dům čp. 287 (Praha-Nové Město)"}, {"typ": "Místo", "obsah": "Karlovo náměstí"}, {"typ": "Místo", "obsah": "Nové Město (Praha)"}, {"typ": "Místo", "obsah": "ulice Na Zbořenci"}, {"typ": "Osoba", "obsah": "Alexander, Antonín (1892-působnost do 1948)"}]}