{"typ záznamu": "Archiválie", "signatura": "I 11832", "druh": "pozitiv", "obsah": "Pohled na odkrytý starý jez u Helmovských mlýnů během výstavby plavebních komor u ostrova Štvanice. V pozadí novostavba železné části Hlávkova mostu.", "datace": "3.6.1910", "zobrazeno": "44x", "xid": "15A9A5A2639111E6A553000C76270B94", "rejstříkové záznamy": [{"typ": "Dílo", "obsah": "Hlávkův most"}, {"typ": "Místo", "obsah": "Holešovice (Praha)"}, {"typ": "Místo", "obsah": "ostrov Štvanice"}, {"typ": "Místo", "obsah": "Vltava"}, {"typ": "Věc. objekt", "obsah": "jezy (vodní díla)"}]}