{"typ záznamu": "Archiválie", "signatura": "II 1594", "druh": "pozitiv", "obsah": "Celkový pohled na dům s podloubím čp. 35 na Malostranském náměstí (Malostranská beseda) na Malé Straně.", "autor": "Illek, František a Paul, Alexandr", "datace": "1945", "zobrazeno": "39x", "xid": "15CFFC6681D311E3B4B96C626D41E503", "rejstříkové záznamy": [{"typ": "Dílo", "obsah": "dům čp. 35 (Praha-Malá Strana); radnice, malostranská beseda"}, {"typ": "Místo", "obsah": "Malá Strana"}, {"typ": "Místo", "obsah": "Malostranské náměstí"}, {"typ": "Osoba", "obsah": "Illek, František a Paul, Alexandr"}]}