{"typ záznamu": "Archiválie", "signatura": "I 9868", "druh": "pozitiv", "obsah": "Západní dvůr Schönbornského paláce - domu čp. 365 na Malé Straně. Fragment původní raně barokní zahradní zdi.", "autor": "Vojta, Tomáš (1885-1934)", "datace": "červen 1931", "zobrazeno": "31x", "xid": "15D3F5E07C7311E3BFE4406186009F3A", "rejstříkové záznamy": [{"typ": "Dílo", "obsah": "dům čp. 365 (Praha-Malá Strana); Schönbornský palác"}, {"typ": "Místo", "obsah": "Malá Strana"}, {"typ": "Osoba", "obsah": "Vojta, Tomáš (1885-1934)"}]}