{"typ záznamu": "Archiválie", "signatura": "I 12109", "druh": "pohlednice", "obsah": "Celkový pohled na dům čp. 176 (sněmovna) ve Sněmovní ulici na Malé Straně.", "autor": "Čech, L. J.", "zobrazeno": "32x", "xid": "15E16D42581211E7A695406186009F3A", "rejstříkové záznamy": [{"typ": "Dílo", "obsah": "dům čp. 176 (Praha-Malá Strana); Thunovský palác, sněmovna"}, {"typ": "Místo", "obsah": "Malá Strana"}, {"typ": "Místo", "obsah": "Sněmovní ulice"}, {"typ": "Osoba", "obsah": "Čech, L. J."}]}