{"typ záznamu": "Archiválie", "signatura": "VI 49/1 a", "druh": "pozitiv", "obsah": "Pohled ze Smetanova nábřeží (dnešního) přes Vltavu na Malou Stranu - Kampa a v pozadí Pražský hrad. Vpravo část Karlova mostu. Návrh na úpravu domů na Malé Straně - zákresy do Bellmannovy fotografie.", "autor": "Bellmann, Karel", "zobrazeno": "56x", "xid": "15FEB5E3DB6111DFBD5E000C766D2371", "rejstříkové záznamy": [{"typ": "Místo", "obsah": "Kampa"}, {"typ": "Místo", "obsah": "Malá Strana"}, {"typ": "Místo", "obsah": "Vltava"}, {"typ": "Osoba", "obsah": "Bellmann, Karel"}]}