{"typ záznamu": "Archiválie", "signatura": "I 9681", "druh": "pozitiv", "obsah": "Pohled na archeologické vykopávky na Vyšehradě při skladišti nad Libušinou lázní.", "autor": "Alexander, Antonín (1892-působnost do 1948)", "datace": "25.10.1926", "zobrazeno": "51x", "xid": "1600442A3F8811E2A1026C626D41E503", "rejstříkové záznamy": [{"typ": "Místo", "obsah": "Vyšehrad"}, {"typ": "Osoba", "obsah": "Alexander, Antonín (1892-působnost do 1948)"}, {"typ": "Věc. objekt", "obsah": "archeologické vykopávky"}]}