{"typ záznamu": "Archiválie", "signatura": "I 12034", "druh": "pohlednice", "obsah": "Pohled na osvětlené Malostranské mostecké věže při příležitosti 10. výročí samostatnosti Československé republiky. V pozadí osvětlený kostel sv. Mikuláše na Malé Straně a Pražský hrad.", "datace": "28.10.1928", "zobrazeno": "38x", "xid": "160E8E840DAE11E892C0406186009F3A", "rejstříkové záznamy": [{"typ": "Dílo", "obsah": "kostel svatého Mikuláše (Praha - Malá Strana)"}, {"typ": "Dílo", "obsah": "Malostranské mostecké věže (Praha-Staré Město)"}, {"typ": "Dílo", "obsah": "Pražský hrad (Praha-Hradčany)"}, {"typ": "Místo", "obsah": "Hradčany (Praha)"}, {"typ": "Místo", "obsah": "Malá Strana"}, {"typ": "Věc. objekt", "obsah": "osvětlení slavnostní"}]}