{"typ záznamu": "Archiválie", "signatura": "I 4893", "druh": "pozitiv", "obsah": "Celkový pohled na hlavní průčelí Černínského paláce (dům čp. 101 na Hradčanech) na Loretánské náměstí.", "datace": "13.3.1933", "zobrazeno": "30x", "xid": "16135848D1B011E18F8C6C626D41E503", "rejstříkové záznamy": [{"typ": "Dílo", "obsah": "dům čp. 101 (Praha-Hradčany); Černínský palác"}, {"typ": "Místo", "obsah": "Hradčany (Praha)"}, {"typ": "Místo", "obsah": "Loretánské náměstí"}]}