{"typ záznamu": "Archiválie", "signatura": "I 9813", "druh": "pozitiv", "obsah": "Pohled do interiéru kostela sv. Vojtěcha v Libni směrem k oltáři (dům čp. 599 v ulici U Meteoru).", "autor": "Bellmann", "datace": "kol.1910", "zobrazeno": "118x", "xid": "1645AF4C50FF11E38E526C626D41E503", "rejstříkové záznamy": [{"typ": "Dílo", "obsah": "dům čp. 599 (Praha-Libeň)"}, {"typ": "Dílo", "obsah": "kostel sv. Vojtěcha (Praha-Libeň)"}, {"typ": "Místo", "obsah": "Libeň"}, {"typ": "Místo", "obsah": "ulice U Meteoru"}, {"typ": "Osoba", "obsah": "Bellmann"}]}