{"typ záznamu": "Archiválie", "signatura": "VIII 1231", "druh": "negativ", "obsah": "Pohled na Císařský mlýn v Bubenči (Kubíkova továrna na papír - dům čp. 22) - po požáru roku 1896.", "autor": "Eckert, Jindřich (1833-1905)", "datace": "1896", "zobrazeno": "49x", "xid": "164F8D7E76BA11E2BF17525400E46D25", "rejstříkové záznamy": [{"typ": "Dílo", "obsah": "dům čp. 22 (Praha-Bubeneč); Císařský mlýn"}, {"typ": "Místo", "obsah": "Bubeneč"}, {"typ": "Místo", "obsah": "Císařský ostrov"}, {"typ": "Osoba", "obsah": "Eckert, Jindřich (1833-1905)"}]}