{"typ záznamu": "Archiválie", "signatura": "X 9857", "druh": "negativ", "obsah": "Pohled na stroj chronometru orloje Staroměstské radnice (dům čp. 1 na Starém Městě) na Staroměstském náměstí (reprodukce jedné stránky z knihy Václava Rosického, Staroměstský orloj v Praze. Praha: J. Otto, 1923).", "zobrazeno": "36x", "xid": "1655424290C411E8B3B474D435EEBE90", "rejstříkové záznamy": [{"typ": "Dílo", "obsah": "dům čp. 1 (Staré Město, Praha, Česko : radnice : 1338-)"}, {"typ": "Dílo", "obsah": "Staroměstský orloj (Praha-Staré Město)"}, {"typ": "Místo", "obsah": "Staré Město (Praha)"}, {"typ": "Místo", "obsah": "Staroměstské náměstí"}]}