{"typ záznamu": "Archiválie", "signatura": "II 1589", "druh": "pozitiv", "obsah": "Pohled na vlaky a nádraží císaře Františka Josefa I. (dům čp. 300 na Vinohradech) ze stanoviště nad vinohradským železničním tunelem. Vlevo zadní část budovy Nového německého divadla (dům čp. 101) a sousedního domu čp. 98 na Vinohradech.", "autor": "Reach, Zikmund (1859-1935)", "poznámka": "Reach, Zikmund - Jelínková, Jana (repro)", "zobrazeno": "138x", "xid": "1678E9342CF211E3A89A406186009F3A", "rejstříkové záznamy": [{"typ": "Dílo", "obsah": "dům čp. 101 (Praha-Vinohrady); Německé divadlo, Smetanovo divadlo, Státní opera"}, {"typ": "Dílo", "obsah": "dům čp. 300 (Praha-Vinohrady); nádraží císaře Františka Josefa I., Hlavní, Wilsonovo"}, {"typ": "Dílo", "obsah": "dům čp. 98 (Praha-Vinohrady)"}, {"typ": "Místo", "obsah": "Vinohrady"}, {"typ": "Osoba", "obsah": "Jelínková, Jana (1951-)"}, {"typ": "Osoba", "obsah": "Reach, Zikmund (1859-1935)"}, {"typ": "Věc. objekt", "obsah": "vlaky"}]}