{"typ záznamu": "Archiválie", "signatura": "X 10388", "druh": "negativ", "obsah": "Průhled Karlovou ulicí od křižovatky s Liliovou k východu. Vlevo Klementinum (dům čp. 190, 1040), uprostřed v pozadí dům čp. 175 na Starém Městě.", "autor": "Eckert-ateliér", "datace": "kol.1925", "zobrazeno": "31x", "xid": "16D7B6E4F8A311E4808074D435EEBE90", "rejstříkové záznamy": [{"typ": "Dílo", "obsah": "dům čp. 175 (Praha-Staré Město)"}, {"typ": "Dílo", "obsah": "dům čp. 190, 1040 (Praha-Staré Město); Klementinum"}, {"typ": "Místo", "obsah": "Karlova ulice"}, {"typ": "Místo", "obsah": "Staré Město (Praha)"}, {"typ": "Osoba", "obsah": "Eckert-ateliér"}]}