{"typ záznamu": "Archiválie", "signatura": "II 1651", "druh": "pozitiv", "obsah": "Pohled na dům čp. 44 (U Vosků) v Břevnově ve Veleslavínské ulici (dnes Radimova).", "datace": "1968", "poznámka": "Dub, Václav (repro)", "zobrazeno": "45x", "xid": "17235DADBAD711E5A77074D435EEBE90", "rejstříkové záznamy": [{"typ": "Dílo", "obsah": "dům čp. 44 / BŘEVNOV"}, {"typ": "Místo", "obsah": "Břevnov"}, {"typ": "Místo", "obsah": "Radimova ulice"}, {"typ": "Osoba", "obsah": "Dub, Václav (dokumenty 1928-1983)"}]}