{"typ záznamu": "Archiválie", "signatura": "I 9806", "druh": "pozitiv", "obsah": "Celkový pohled na dům čp. 655 na Starém Městě (Ústav šlechtičen) v Revoluční třídě (Eliščině) směrem od náměstí Republiky (Josefské). Vpravo část domu čp. 1080 na Novém Městě.", "autor": "Bellmann-ateliér", "zobrazeno": "89x", "xid": "178574C2161611E390486C626D41E503", "rejstříkové záznamy": [{"typ": "Dílo", "obsah": "dům čp. 1080 (Praha-Nové Město)"}, {"typ": "Dílo", "obsah": "dům čp. 655 (Praha-Staré Město)"}, {"typ": "Místo", "obsah": "náměstí Republiky"}, {"typ": "Místo", "obsah": "Revoluční ulice"}, {"typ": "Místo", "obsah": "Staré Město (Praha)"}, {"typ": "Osoba", "obsah": "Bellmann"}]}