{"typ záznamu": "Archiválie", "signatura": "II 1577", "druh": "pozitiv", "obsah": "Pohled na dům čp. 490 (palác Metychů z Čečova - Hrzánský) na Velkopřevorském náměstí na Malé Straně s renesančním portálem.", "autor": "Kříženecký, Jan (1868-1921)", "datace": "31.3.1914", "zobrazeno": "24x", "xid": "178C60FE04F511E3A4F66C626D41E503", "rejstříkové záznamy": [{"typ": "Dílo", "obsah": "dům čp. 490 (Praha-Malá Strana); palác Metychů z Čečova - Hrzánský"}, {"typ": "Místo", "obsah": "Malá Strana"}, {"typ": "Místo", "obsah": "Velkopřevorské náměstí"}, {"typ": "Osoba", "obsah": "Kříženecký, Jan (1868-1921)"}]}