{"typ záznamu": "Archiválie", "signatura": "I 11030", "druh": "pozitiv", "obsah": "Pohled na kapli Početí P. Marie a dům čp. 1000 ve Strašnicích.", "autor": "Alexander, Antonín (1892-působnost do 1948)", "datace": "14.9.1942", "zobrazeno": "59x", "xid": "179CC4FB3F3311E4B4E9406186009F3A", "rejstříkové záznamy": [{"typ": "Dílo", "obsah": "dům čp. 1000 (Praha-Strašnice)"}, {"typ": "Dílo", "obsah": "kaple Početí P. Marie (Praha-Strašnice)"}, {"typ": "Místo", "obsah": "Strašnice"}, {"typ": "Osoba", "obsah": "Alexander, Antonín (1892-působnost do 1948)"}]}