{"typ záznamu": "Archiválie", "signatura": "VIII 1507", "druh": "negativ", "obsah": "Pohled do interiéru domu čp. 515 v Holešovicích (Opatrovna a mateřská škola Na Maninách - dnes Tusarova 27) - jídelna.", "autor": "Eckert, Jindřich (1833-1905)", "datace": "kol.1900", "zobrazeno": "41x", "xid": "179E4A31955611E2BF29525400E46D25", "rejstříkové záznamy": [{"typ": "Dílo", "obsah": "dům čp. 515 (Praha-Holešovice); škola"}, {"typ": "Místo", "obsah": "Holešovice (Praha)"}, {"typ": "Místo", "obsah": "Maniny"}, {"typ": "Místo", "obsah": "Tusarova ulice"}, {"typ": "Osoba", "obsah": "Eckert, Jindřich (1833-1905)"}]}