{"typ záznamu": "Archiválie", "signatura": "VIII 1298", "druh": "negativ", "obsah": "Pohled do interiéru kostela sv. Salvátora na Křižovnickém náměstí na Starém Městě - hlavní loď směrem k hlavnímu oltáři.", "autor": "Eckert-ateliér", "datace": "3.6.1912", "zobrazeno": "29x", "xid": "17B17848824A11E2BF1E525400E46D25", "rejstříkové záznamy": [{"typ": "Dílo", "obsah": "dům čp. 190, 1040 (Praha-Staré Město); Klementinum"}, {"typ": "Dílo", "obsah": "kostel sv. Salvátora na Křižovnickém náměstí (Praha-Staré Město)"}, {"typ": "Místo", "obsah": "Křižovnické náměstí"}, {"typ": "Místo", "obsah": "Staré Město (Praha)"}, {"typ": "Osoba", "obsah": "Eckert-ateliér"}]}