{"typ záznamu": "Archiválie", "signatura": "VIII 1365", "druh": "negativ", "obsah": "Pohled do interiéru domu čp. 365 (Schönbornský palác) na Malé Straně - salon.", "autor": "Eckert, Jindřich (1833-1905)", "datace": "19.11.1902", "zobrazeno": "17x", "xid": "17C50EF487FA11E2BF21525400E46D25", "rejstříkové záznamy": [{"typ": "Dílo", "obsah": "dům čp. 365 (Praha-Malá Strana); Schönbornský palác"}, {"typ": "Místo", "obsah": "Malá Strana"}, {"typ": "Místo", "obsah": "ulice Tržiště"}, {"typ": "Osoba", "obsah": "Eckert, Jindřich (1833-1905)"}]}