{"typ záznamu": "Archiválie", "signatura": "VIII 1514", "druh": "negativ", "obsah": "Pohled do Dušní ulice s domem čp. 905 na Starém Městě před zbořením v roce 1904.", "autor": "Eckert, Jindřich (1833-1905)", "datace": "1.5.1904", "zobrazeno": "22x", "xid": "17DC6245955E11E2BF29525400E46D25", "rejstříkové záznamy": [{"typ": "Dílo", "obsah": "dům čp. 905 (Praha-Staré Město)"}, {"typ": "Místo", "obsah": "Dušní ulice"}, {"typ": "Místo", "obsah": "Staré Město (Praha)"}, {"typ": "Osoba", "obsah": "Eckert, Jindřich (1833-1905)"}, {"typ": "Věc. objekt", "obsah": "Asanace"}]}