{"typ záznamu": "Archiválie", "signatura": "IX 324 b", "druh": "negativ", "obsah": "Pohled do v Palackého ulice (dnes Křižíkova) směrem k východu. Vpravo průčelí továrny Breitfeld - Daněk (dům čp. 219 v Karlíně).", "autor": "Bellmann-ateliér", "datace": "kol.1900", "zobrazeno": "69x", "xid": "17F27386310B11E9978874D435EEBE90", "rejstříkové záznamy": [{"typ": "Dílo", "obsah": "dům čp. 219 (Praha-Karlín); továrna Breitfeld - Daněk"}, {"typ": "Místo", "obsah": "Karlín (Praha)"}, {"typ": "Místo", "obsah": "Křižíkova ulice"}, {"typ": "Osoba", "obsah": "Bellmann-ateliér"}]}