{"typ záznamu": "Archiválie", "signatura": "VIII 1511", "druh": "negativ", "obsah": "Pohled na hradčanskou stranu Strahovské brány (Říšské) na Hradčanech.", "autor": "Eckert, Jindřich (1833-1905)", "datace": "1898", "zobrazeno": "34x", "xid": "17FC878D955B11E2BF29525400E46D25", "rejstříkové záznamy": [{"typ": "Dílo", "obsah": "Strahovská brána (Hradčany, Praha, Česko : brána : 1657-1899)"}, {"typ": "Místo", "obsah": "Hradčany (Praha)"}, {"typ": "Osoba", "obsah": "Eckert, Jindřich (1833-1905)"}]}