{"typ záznamu": "Archiválie", "signatura": "V 18/8 f", "druh": "pozitiv", "obsah": "Panoramatický pohled na starou Libeň s částí areálu Pražských strojíren akc. spol. (dříve Ruston a spol.) - dům čp. 145 ve Švábkách v Libni. V pozadí provizorní dřevěný most (dnes zde Libeňský).", "autor": "Eckert, Jindřich (1833-1905)", "datace": "po 1903", "zobrazeno": "107x", "xid": "1840A4298C1411E8A45074D435EEBE90", "rejstříkové záznamy": [{"typ": "Dílo", "obsah": "dům čp. 145 (Praha-Libeň); továrna Rustonka, Pražské strojírny a. s."}, {"typ": "Dílo", "obsah": "provizorní dřevěný most (dnes zde Libeňský)"}, {"typ": "Místo", "obsah": "Libeň"}, {"typ": "Místo", "obsah": "Švábky (Praha-Libeň)"}, {"typ": "Osoba", "obsah": "Eckert, Jindřich (1833-1905)"}]}