{"typ záznamu": "Archiválie", "signatura": "I 11719", "druh": "pozitiv", "obsah": "Pohled na bourání starého Helmovského jezu u špičky ostrova Štvanice. V pozadí domy v dnešních ulicích Dukelských hrdinů a Skalecká v Holešovicích.", "datace": "10.11.1909", "zobrazeno": "62x", "xid": "18451F194F2F11E6A549000C76270B94", "rejstříkové záznamy": [{"typ": "Místo", "obsah": "Holešovice (Praha)"}, {"typ": "Místo", "obsah": "ostrov Štvanice"}, {"typ": "Místo", "obsah": "Skalecká ulice"}, {"typ": "Místo", "obsah": "ulice Dukelských hrdinů"}, {"typ": "Místo", "obsah": "Vltava"}, {"typ": "Věc. objekt", "obsah": "jezy (vodní díla)"}]}