{"typ záznamu": "Archiválie", "signatura": "II 1593", "druh": "pozitiv", "obsah": "Celkový pohled na hlavní průčelí hotelu \"Grandhotel Šroubek\" na Václavském náměstí (dům čp. 826 na Novém Městě - dříve \"Arcivévoda Štěpán\" - dnes \"Grandhotel Evropa\").", "autor": "Gotsche", "datace": "kol.1930", "zobrazeno": "94x", "xid": "1867922681D411E3B4B96C626D41E503", "rejstříkové záznamy": [{"typ": "Dílo", "obsah": "dům čp. 826 (Praha-Nové Město); hotel Arcivévoda Štěpán, Šroubek, Evropa"}, {"typ": "Místo", "obsah": "Nové Město (Praha)"}, {"typ": "Místo", "obsah": "Václavské náměstí"}, {"typ": "Osoba", "obsah": "Gotsche"}]}