{"typ záznamu": "Archiválie", "signatura": "VIII 1344", "druh": "negativ", "obsah": "Pohled na dům čp. 1222 na Novém Městě. V pozadí vpravo dům čp. 1220 (Helmův - Kubešův mlýn) na nábřeží Nového Města.", "autor": "Eckert-ateliér", "datace": "19.7.1909", "zobrazeno": "28x", "xid": "187F229E87D211E2BF21525400E46D25", "rejstříkové záznamy": [{"typ": "Dílo", "obsah": "dům čp. 1220 (Praha-Nové Město)"}, {"typ": "Dílo", "obsah": "dům čp. 1222 (Praha-Nové Město); původní (mlýn)"}, {"typ": "Dílo", "obsah": "Helmovské mlýny (Praha-Nové Město)"}, {"typ": "Místo", "obsah": "Nové Město (Praha)"}, {"typ": "Osoba", "obsah": "Eckert-ateliér"}]}