{"typ záznamu": "Archiválie", "signatura": "V 1/13 a", "druh": "pozitiv", "obsah": "Pohled na gotické trámy nalezené při bourání domu čp. 16 na Starém Městě (Andělská kolej) v Mikulášské ulici (dnes náměstí Franze Kafky).", "autor": "Kříženecký, Jan (1868-1921)", "datace": "25.2.1909", "zobrazeno": "26x", "xid": "188C2351808D11E4AAB4406186009F3A", "rejstříkové záznamy": [{"typ": "Dílo", "obsah": "dům čp. 16 (Praha-Staré Město); Andělská kolej"}, {"typ": "Místo", "obsah": "náměstí Franze Kafky"}, {"typ": "Místo", "obsah": "Staré Město (Praha)"}, {"typ": "Osoba", "obsah": "Kříženecký, Jan (1868-1921)"}, {"typ": "Věc. objekt", "obsah": "Asanace"}]}