{"typ záznamu": "Archiválie", "signatura": "I 11261", "druh": "pozitiv", "obsah": "Pohled na náhrobek na Malostranském hřbitově na Smíchově při zdi do Plzeňské ulice - původní stav.", "autor": "Alexander, Antonín (1892-působnost do 1948)", "datace": "21.3.1927", "zobrazeno": "73x", "xid": "189BDE142FBE11E5A57D74D435EEBE90", "rejstříkové záznamy": [{"typ": "Místo", "obsah": "Malostranský hřbitov (Praha-Smíchov)"}, {"typ": "Místo", "obsah": "Plzeňská ulice"}, {"typ": "Místo", "obsah": "Smíchov"}, {"typ": "Osoba", "obsah": "Alexander, Antonín (1892-působnost do 1948)"}]}