{"typ záznamu": "Archiválie", "signatura": "VI 38/3", "druh": "pozitiv", "obsah": "Celkový pohled na Medvědí kašnu před Albrechtskými kasárnami na dnešním náměstí Kinských (původně dům čp. 416 na Malé Straně, dnes dům čp. 234 na Smíchově).", "autor": "Eckert, Jindřich (1833-1905)", "datace": "26.10.1903", "zobrazeno": "39x", "xid": "18CFEC779B9711E2BF2D525400E46D25", "rejstříkové záznamy": [{"typ": "Dílo", "obsah": "Medvědí kašna na náměstí Kinských"}, {"typ": "Místo", "obsah": "náměstí Kinských"}, {"typ": "Místo", "obsah": "Smíchov"}, {"typ": "Osoba", "obsah": "Eckert, Jindřich (1833-1905)"}]}