{"typ záznamu": "Archiválie", "signatura": "I 12116", "druh": "pozitiv", "obsah": "Celkový pohled na Starkovu akademii (dům čp. 128) na nábřeží Edvarda Beneše na Malé Straně. V pozadí Pražský hrad.", "autor": "Bellmann (?)", "zobrazeno": "68x", "xid": "18D004ED5A4811E7A69B406186009F3A", "rejstříkové záznamy": [{"typ": "Dílo", "obsah": "dům čp. 128 (Praha-Malá Strana); Strakova akademie"}, {"typ": "Dílo", "obsah": "Pražský hrad (Praha-Hradčany)"}, {"typ": "Místo", "obsah": "Malá Strana"}, {"typ": "Místo", "obsah": "nábřeží Edvarda Beneše"}, {"typ": "Osoba", "obsah": "Bellmann (?)"}, {"typ": "Věc. objekt", "obsah": "loď"}]}