{"typ záznamu": "Archiválie", "signatura": "I 9900", "druh": "pozitiv", "obsah": "Celkový pohled na dům čp. 6 (trestní soud) na nároží Karlova náměstí a Spálené ulice (vlevo) na Novém Městě.", "datace": "kol.1920 (?)", "zobrazeno": "131x", "xid": "193CA4C581DF11E3B4B96C626D41E503", "rejstříkové záznamy": [{"typ": "Dílo", "obsah": "dům čp. 6 (Praha-Nové Město)"}, {"typ": "Místo", "obsah": "Karlovo náměstí"}, {"typ": "Místo", "obsah": "Nové Město (Praha)"}, {"typ": "Místo", "obsah": "Spálená ulice"}]}