{"typ záznamu": "Archiválie", "signatura": "VIII 1486", "druh": "negativ", "obsah": "Pohled do interiéru Klementina (dům čp. 190, 1040) na Starém Městě - 1. sál knihovny.", "autor": "Eckert, Jindřich (1833-1905)", "datace": "kol.1890", "zobrazeno": "21x", "xid": "19476D1A923E11E2BF28525400E46D25", "rejstříkové záznamy": [{"typ": "Dílo", "obsah": "dům čp. 190, 1040 (Praha-Staré Město); Klementinum"}, {"typ": "Místo", "obsah": "Staré Město (Praha)"}, {"typ": "Osoba", "obsah": "Eckert, Jindřich (1833-1905)"}]}