{"typ záznamu": "Archiválie", "signatura": "V 9/1 b", "druh": "pozitiv", "obsah": "Pohled na průčelí domu čp. 761 do Národní třídy na Novém Městě. Vlevo část Ovocné ulice (dnes ulice 28. října), vpravo část Jungmannova náměstí.", "autor": "Bruner-Dvořák, Rudolf (1864-1921)", "datace": "1905", "zobrazeno": "73x", "xid": "1963C972CFF611E196716C626D41E503", "rejstříkové záznamy": [{"typ": "Dílo", "obsah": "dům čp. 761 (Praha-Nové Město)"}, {"typ": "Místo", "obsah": "Jungmannovo náměstí"}, {"typ": "Místo", "obsah": "Národní třída"}, {"typ": "Místo", "obsah": "Nové Město (Praha)"}, {"typ": "Místo", "obsah": "Staré Město (Praha)"}, {"typ": "Místo", "obsah": "Ulice 28. října"}, {"typ": "Osoba", "obsah": "Bruner-Dvořák, Rudolf (1864-1921)"}]}