{"typ záznamu": "Archiválie", "signatura": "I 7988", "druh": "pozitiv", "obsah": "Okupace 1939-1945 - pohled na Staroměstské náměstí s nacistickou výzdobou.", "autor": "Velebil, Karel (?)", "datace": "březen 1941", "zobrazeno": "38x", "xid": "19AF272CD65D11E18B876C626D41E503", "rejstříkové záznamy": [{"typ": "Místo", "obsah": "Staré Město (Praha)"}, {"typ": "Místo", "obsah": "Staroměstské náměstí"}, {"typ": "Osoba", "obsah": "Velebil, Karel (?)"}, {"typ": "Věc. objekt", "obsah": "okupace (vojenská)"}]}