{"typ záznamu": "Archiválie", "signatura": "I 11271", "druh": "pozitiv", "obsah": "Pohled na náhrobní desku na Malostranském hřbitově na Smíchově - původní stav. Rosalie Stopper.", "autor": "Alexander, Antonín (1892-působnost do 1948)", "datace": "23.3.1927", "zobrazeno": "54x", "xid": "19C8A8952FC011E5A57D74D435EEBE90", "rejstříkové záznamy": [{"typ": "Místo", "obsah": "Malostranský hřbitov (Praha-Smíchov)"}, {"typ": "Místo", "obsah": "Smíchov"}, {"typ": "Osoba", "obsah": "Alexander, Antonín (1892-působnost do 1948)"}]}