{"typ záznamu": "Archiválie", "signatura": "VIII 1480", "druh": "negativ", "obsah": "Pohled na část průčelí domu čp. 126 na Novém Městě v Ostrovní ulici - s portálem do dvora.", "autor": "Eckert, Jindřich (1833-1905)", "datace": "kol.1900", "zobrazeno": "13x", "xid": "19D2D8A2923011E2BF28525400E46D25", "rejstříkové záznamy": [{"typ": "Dílo", "obsah": "dům čp. 126 (Praha-Nové Město)"}, {"typ": "Místo", "obsah": "Nové Město (Praha)"}, {"typ": "Místo", "obsah": "Ostrovní ulice"}, {"typ": "Osoba", "obsah": "Eckert, Jindřich (1833-1905)"}]}