{"typ záznamu": "Archiválie", "signatura": "V 69/15 a", "druh": "pozitiv", "obsah": "Socha Kronikáře a Filozofa z orloje v jižním průčelí Staroměstské radnice (dům čp. 1 na Starém Městě) na Staroměstském náměstí před restaurováním.", "autor": "Kříženecký, Jan (1868-1921)", "datace": "21.9.1911", "zobrazeno": "41x", "xid": "19E9766D90EA11E8B3B474D435EEBE90", "rejstříkové záznamy": [{"typ": "Dílo", "obsah": "dům čp. 1 (Staré Město, Praha, Česko : radnice : 1338-)"}, {"typ": "Dílo", "obsah": "Staroměstský orloj (Praha-Staré Město)"}, {"typ": "Místo", "obsah": "Staré Město (Praha)"}, {"typ": "Místo", "obsah": "Staroměstské náměstí"}, {"typ": "Osoba", "obsah": "Kříženecký, Jan (1868-1921)"}]}