{"typ záznamu": "Archiválie", "signatura": "I 11634", "druh": "pozitiv", "obsah": "Pohled na stavbu plavebních komor u ostrova Štvanice pod novostavbou železné části Hlávkova mostu.", "datace": "10.8.1910", "zobrazeno": "57x", "xid": "19EE026FF72111E5A524000C76270B94", "rejstříkové záznamy": [{"typ": "Dílo", "obsah": "Hlávkův most"}, {"typ": "Místo", "obsah": "Holešovice (Praha)"}, {"typ": "Místo", "obsah": "ostrov Štvanice"}, {"typ": "Místo", "obsah": "Vltava"}, {"typ": "Věc. objekt", "obsah": "plavební komory"}]}