{"typ záznamu": "Archiválie", "signatura": "X 159 b", "druh": "negativ", "obsah": "Pohled na květinovou terasu na Jubilejní výstavě obvodu obchodní a živnostenské komory v Praze na výstavišti v Bubenči v roce 1908 pořádané k 60. výročí panování císaře Františka Josefa I.", "datace": "1908", "zobrazeno": "37x", "xid": "19FD57D892A211E59FAB406186009F3A", "rejstříkové záznamy": [{"typ": "Místo", "obsah": "Bubeneč"}, {"typ": "Věc. objekt", "obsah": "stereofotografie"}, {"typ": "Věc. objekt", "obsah": "výstava jubilejní 1908"}]}