{"typ záznamu": "Archiválie", "signatura": "I 9872", "druh": "pozitiv", "obsah": "Interiér původního belvederu (s vyhlídkou do zahrady) v Schönbornském paláci - domě čp. 365 na Malé Straně.", "autor": "Vojta, Tomáš (1885-1934)", "datace": "červen 1931", "zobrazeno": "24x", "xid": "1A4963D57D0711E3BE26406186009F3A", "rejstříkové záznamy": [{"typ": "Dílo", "obsah": "dům čp. 365 (Praha-Malá Strana); Schönbornský palác"}, {"typ": "Místo", "obsah": "Malá Strana"}, {"typ": "Osoba", "obsah": "Vojta, Tomáš (1885-1934)"}]}