{"typ záznamu": "Archiválie", "signatura": "I 12412", "druh": "pozitiv", "obsah": "Pohled z výšky na přestavbu severního předmostí Hlávkova mostu v Holešovicích při stavbě Severojižní magistrály.", "autor": "Jelínková, Jana (1951-)", "datace": "1980", "zobrazeno": "41x", "xid": "1A916F47E69A11E89E7C74D435EEBE90", "rejstříkové záznamy": [{"typ": "Dílo", "obsah": "Hlávkův most"}, {"typ": "Místo", "obsah": "Holešovice (Praha)"}, {"typ": "Místo", "obsah": "Severojižní magistrála"}, {"typ": "Osoba", "obsah": "Jelínková, Jana (1951-)"}]}