{"typ záznamu": "Archiválie", "signatura": "X 7492", "druh": "negativ", "obsah": "Celkový pohled na dům čp. 592 v ulici Českomalínská v Bubenči.", "autor": "Vojta, Tomáš (1885-1934)", "datace": "po 1923", "zobrazeno": "34x", "xid": "1A9737BD5BEE11E79925406186009F3A", "rejstříkové záznamy": [{"typ": "Dílo", "obsah": "dům čp. 592 (Praha-Bubeneč)"}, {"typ": "Místo", "obsah": "Bubeneč"}, {"typ": "Místo", "obsah": "Českomalínská ulice"}, {"typ": "Osoba", "obsah": "Vojta, Tomáš (1885-1934)"}, {"typ": "Věc. objekt", "obsah": "domovní znamení"}]}