{"typ záznamu": "Archiválie", "signatura": "I 11016", "druh": "pozitiv", "obsah": "Partie ze sadů na Letné - sousoší Diany od Františka Rouse z roku 1916.", "autor": "Alexander, Antonín (1892-působnost do 1948)", "datace": "6.11.1944", "zobrazeno": "61x", "xid": "1AA5F373189E11E4B6C9406186009F3A", "rejstříkové záznamy": [{"typ": "Místo", "obsah": "Holešovice (Praha)"}, {"typ": "Místo", "obsah": "Letná"}, {"typ": "Osoba", "obsah": "Alexander, Antonín (1892-působnost do 1948)"}]}