{"typ záznamu": "Archiválie", "signatura": "VIII 1346", "druh": "negativ", "obsah": "Pohled do interiéru školy (dům čp. 460) na Lyčkově náměstí v Karlíně (dříve Riegrovy sady) při stavbě - schodiště.", "autor": "Eckert-ateliér", "datace": "1905", "zobrazeno": "55x", "xid": "1AB6C2DE87D711E2BF21525400E46D25", "rejstříkové záznamy": [{"typ": "Dílo", "obsah": "dům čp. 460 (Praha-Karlín); škola"}, {"typ": "Místo", "obsah": "Karlín (Praha)"}, {"typ": "Místo", "obsah": "Lyčkovo náměstí"}, {"typ": "Osoba", "obsah": "Eckert-ateliér"}]}