{"typ záznamu": "Archiválie", "signatura": "V 87/15", "druh": "pozitiv", "obsah": "Pohled z Pavího vrchu přes Vltavu na Vyšehradskou skálu s kostelem sv. Petra a Pavla před přestavbou. V popředí zleva hotel Plzeňka (dům čp. 35), hotel U Šumavského smrku (dům čp. 280) a nádraží České západní dráhy (dům čp. 279) na Smíchově. Za nimi Císařská louka.", "autor": "Eckert, Jindřich (1833-1905)", "poznámka": "Eckert, Jindřich - Reach, Zikmund (repro)", "zobrazeno": "143x", "xid": "1AC9CC25158711E8826174D435EEBE90", "rejstříkové záznamy": [{"typ": "Dílo", "obsah": "dům čp. 279 (Praha-Smíchov); nádraží"}, {"typ": "Dílo", "obsah": "dům čp. 280 (Praha-Smíchov)"}, {"typ": "Dílo", "obsah": "dům čp. 35 (Praha-Smíchov)"}, {"typ": "Dílo", "obsah": "kostel sv. Petra a Pavla (Praha-Vyšehrad)"}, {"typ": "Místo", "obsah": "Císařská louka"}, {"typ": "Místo", "obsah": "Nádražní ulice"}, {"typ": "Místo", "obsah": "Smíchov"}, {"typ": "Místo", "obsah": "Vyšehrad"}, {"typ": "Místo", "obsah": "Vyšehradská skála"}, {"typ": "Osoba", "obsah": "Eckert, Jindřich (1833-1905)"}, {"typ": "Osoba", "obsah": "Reach, Zikmund (1859-1935)"}, {"typ": "Věc. objekt", "obsah": "panorama"}]}