{"typ záznamu": "Archiválie", "signatura": "I 11027", "druh": "pozitiv", "obsah": "Pohled na východní průčelí statku čp. 16 ve Strašnicích (v místech dnešní ulice Ke Strašnické) - od domu čp. 21.", "autor": "Alexander, Antonín (1892-působnost do 1948)", "datace": "19.11.1942", "zobrazeno": "63x", "xid": "1AE5AF203D9311E499B8406186009F3A", "rejstříkové záznamy": [{"typ": "Dílo", "obsah": "dům čp. 16 (Praha-Strašnice)"}, {"typ": "Místo", "obsah": "Strašnice"}, {"typ": "Místo", "obsah": "ulice Ke Strašnické"}, {"typ": "Osoba", "obsah": "Alexander, Antonín (1892-působnost do 1948)"}]}