{"typ záznamu": "Archiválie", "signatura": "V 27/38", "druh": "pozitiv", "obsah": "Pohled na část přízemí jižního průčelí Staroměstské radnice (dům čp. 1 na Starém Městě) s oknem a s poštovní schránkou.", "autor": "Dvořák, František (dokumenty 1901-1908)", "datace": "květen 1901", "zobrazeno": "39x", "xid": "1B1A32BBE28A11E89F1B74D435EEBE90", "rejstříkové záznamy": [{"typ": "Dílo", "obsah": "dům čp. 1 (Staré Město, Praha, Česko : radnice : 1338-)"}, {"typ": "Místo", "obsah": "Staré Město (Praha)"}, {"typ": "Místo", "obsah": "Staroměstské náměstí"}, {"typ": "Osoba", "obsah": "Dvořák, František (dokumenty 1901-1908)"}]}