{"typ záznamu": "Archiválie", "signatura": "X 191", "druh": "negativ", "obsah": "Pohled na lávku přes říčku Avisio v oblasti Val di Fassa v italské části Tyrol.", "zobrazeno": "8x", "xid": "1B22999F983011E591AF406186009F3A", "rejstříkové záznamy": [{"typ": "Místo", "obsah": "Avisio; říčka v italské části Tyrol"}, {"typ": "Místo", "obsah": "Tyroly"}, {"typ": "Místo", "obsah": "Val di Fassa"}, {"typ": "Osoba", "obsah": "Reach, Zikmund (1859-1935)"}, {"typ": "Věc. objekt", "obsah": "Reachova sbírka"}]}