{"typ záznamu": "Archiválie", "signatura": "II 1893", "druh": "pozitiv", "obsah": "Celkový pohled na hlavní průčelí Hybernského paláce (dům čp. 1037 na Novém Městě) na náměstí Republiky.", "datace": "kol.1930", "zobrazeno": "23x", "xid": "1B3C6B84174E11EABE1274D435EEBE90", "rejstříkové záznamy": [{"typ": "Dílo", "obsah": "dům čp. 1037 (Praha-Nové Město); Hybernský klášter, Hlavní celnice"}, {"typ": "Místo", "obsah": "náměstí Republiky"}, {"typ": "Místo", "obsah": "Nové Město (Praha)"}]}