{"typ záznamu": "Archiválie", "signatura": "I 12859", "druh": "pozitiv", "obsah": "Archiváři na Mariánském náměstí před radnicí při \"Pochodu za přežití archivů\" s transparenty.", "autor": "Jelínková, Jana (1951-)", "datace": "29.1.1990", "zobrazeno": "11x", "xid": "1b6935a021cf4960b3c0307c7e5928e1", "rejstříkové záznamy": [{"typ": "Místo", "obsah": "Mariánské náměstí"}, {"typ": "Místo", "obsah": "Staré Město (Praha)"}, {"typ": "Osoba", "obsah": "Jelínková, Jana (1951-)"}, {"typ": "Věc. objekt", "obsah": "transparenty (zezadu prosvětlená sdělení)"}]}