{"typ záznamu": "Archiválie", "signatura": "VIII 1501", "druh": "negativ", "obsah": "Pohled do interiéru domu čp. 126 na Novém Městě v Ostrovní ulici - sazečská dílna.", "autor": "Eckert, Jindřich (1833-1905)", "datace": "kol.1900", "zobrazeno": "17x", "xid": "1BA34CA5955211E2BF29525400E46D25", "rejstříkové záznamy": [{"typ": "Dílo", "obsah": "dům čp. 126 (Praha-Nové Město)"}, {"typ": "Místo", "obsah": "Nové Město (Praha)"}, {"typ": "Místo", "obsah": "Ostrovní ulice"}, {"typ": "Osoba", "obsah": "Eckert, Jindřich (1833-1905)"}]}