{"typ záznamu": "Archiválie", "signatura": "II 1695", "druh": "pozitiv", "obsah": "Pohled do interiéru chrámu sv. Víta na ochranné zdi náhrobků a královské oratoře před nálety.", "autor": "Sudek, Josef (1896-1976)", "datace": "1945", "zobrazeno": "3x", "xid": "1BBBCF291C9011E8804174D435EEBE90", "rejstříkové záznamy": [{"typ": "Dílo", "obsah": "chrám sv. Víta (Praha-Hradčany)"}, {"typ": "Dílo", "obsah": "Pražský hrad (Praha-Hradčany)"}, {"typ": "Místo", "obsah": "Hradčany (Praha)"}, {"typ": "Osoba", "obsah": "Sudek, Josef (1896-1976)"}, {"typ": "Věc. objekt", "obsah": "okupace 1939-1945"}]}