{"typ záznamu": "Archiválie", "signatura": "I 12978", "druh": "pozitiv", "obsah": "Pohled na dav čekající na Václavském náměstí během tzv. \"Příkopových bitev\" a policii, která uzavřela ulici Na Příkopě. Za policejní řadou stojí převážně poslanci a univerzitní profesoři, kteří měli průchod do ulice Na Příkopě umožněný. V pozadí domy čp. 846 na Václavském náměstí na Novém Městě.", "datace": "1.11.1908", "zobrazeno": "28x", "xid": "1bd5aefa2b4b4cdc8a2618832b3c2f34", "rejstříkové záznamy": []}