{"typ záznamu": "Archiválie", "signatura": "VIII 1402", "druh": "negativ", "obsah": "Pohled do interiéru Klementina (dům čp. 190, 1040) na Starém Městě - Křížová (Křižovnická) chodba.", "autor": "Eckert, Jindřich (1833-1905)", "datace": "kol.1890", "zobrazeno": "20x", "xid": "1BD73D108B1711E2BF22525400E46D25", "rejstříkové záznamy": [{"typ": "Dílo", "obsah": "dům čp. 190, 1040 (Praha-Staré Město); Klementinum"}, {"typ": "Místo", "obsah": "Staré Město (Praha)"}, {"typ": "Osoba", "obsah": "Eckert, Jindřich (1833-1905)"}]}