{"typ záznamu": "Archiválie", "signatura": "VIII 1111", "druh": "negativ", "obsah": "Pohled na manéž v Nosticově ulici (dům čp. 468 - Nosticova jízdárna) na Malé Straně.", "autor": "Eckert, Jindřich (1833-1905)", "datace": "21.5.1903", "zobrazeno": "20x", "xid": "1BE1BB19A3FD11E1BEEB000C766D2371", "rejstříkové záznamy": [{"typ": "Dílo", "obsah": "dům čp. 468 (Praha-Malá Strana)"}, {"typ": "Místo", "obsah": "Malá Strana"}, {"typ": "Místo", "obsah": "Nosticova ulice"}, {"typ": "Osoba", "obsah": "Eckert, Jindřich (1833-1905)"}, {"typ": "Věc. objekt", "obsah": "manéž"}, {"typ": "Věc. objekt", "obsah": "sport"}]}