{"typ záznamu": "Archiválie", "signatura": "X 3877", "druh": "negativ", "obsah": "Celkový pohled na průčelí Hrzánského paláce (dům čp. 177) v Loretánské ulici na Hradčanech.", "autor": "Vopravil, Josef (1902-1972)", "datace": "7.4.1949", "zobrazeno": "32x", "xid": "1BE8CF322BED11E69C9A406186009F3A", "rejstříkové záznamy": [{"typ": "Dílo", "obsah": "dům čp. 177 (Praha-Hradčany); Hrzánský palác"}, {"typ": "Místo", "obsah": "Hradčany (Praha)"}, {"typ": "Místo", "obsah": "Loretánská ulice"}, {"typ": "Osoba", "obsah": "Vopravil, Josef (1902-1972)"}]}