{"typ záznamu": "Archiválie", "signatura": "I 9674", "druh": "pozitiv", "obsah": "Pohled na archeologické vykopávky v místě dnešního náměstí Franze Kafky. V pozadí uprostřed kostel sv. Mikuláše, vlevo dům čp. 24 na Starém Městě.", "autor": "Pasternak, Jaroslav", "datace": "1926-1927", "zobrazeno": "31x", "xid": "1BFBE707332411E2BF04525400E46D25", "rejstříkové záznamy": [{"typ": "Dílo", "obsah": "dům čp. 24 (Praha-Staré Město); dnes Kafkův dům"}, {"typ": "Dílo", "obsah": "kostel sv. Mikuláše (Praha-Staré Město)"}, {"typ": "Místo", "obsah": "náměstí Franze Kafky"}, {"typ": "Místo", "obsah": "Staré Město (Praha)"}, {"typ": "Osoba", "obsah": "Pasternak, Jaroslav (1892-1969)"}, {"typ": "Věc. objekt", "obsah": "archeologické vykopávky"}]}