{"typ záznamu": "Archiválie", "signatura": "I 11245", "druh": "pozitiv", "obsah": "Pohled na hrobky na Malostranském hřbitově na Smíchově při zdi do Plzeňské ulice - původní stav.", "autor": "Alexander, Antonín (1892-působnost do 1948)", "datace": "7.11.1926", "zobrazeno": "97x", "xid": "1C0D8F502FB811E5A57D74D435EEBE90", "rejstříkové záznamy": [{"typ": "Místo", "obsah": "Malostranský hřbitov (Praha-Smíchov)"}, {"typ": "Místo", "obsah": "Plzeňská ulice"}, {"typ": "Místo", "obsah": "Smíchov"}, {"typ": "Osoba", "obsah": "Alexander, Antonín (1892-působnost do 1948)"}]}