{"typ záznamu": "Archiválie", "signatura": "I 9725", "druh": "pozitiv", "obsah": "Pohled na západní průčelí Stavovského divadla (dům čp. 540 na Starém Městě).", "autor": "Centropress Praha XII.", "datace": "kol.1930", "zobrazeno": "27x", "xid": "1C0F0DA4B0E511E29177406186009F3A", "rejstříkové záznamy": [{"typ": "Dílo", "obsah": "dům čp. 540 (Praha-Staré Město); divadlo Stavovské - Tylovo - Nosticovo"}, {"typ": "Místo", "obsah": "Rytířská ulice"}, {"typ": "Místo", "obsah": "Staré Město (Praha)"}, {"typ": "Osoba", "obsah": "Centropress Praha XII."}]}