{"typ záznamu": "Archiválie", "signatura": "I 9645", "druh": "pozitiv", "obsah": "Panoramatický pohled na Hlubočepy a okolí. V popředí železniční viadukt (Pražský Semmering), v pozadí Prokopské údolí.", "autor": "Alexander, Antonín (1892-působnost do 1948)", "datace": "3.4.1926", "zobrazeno": "83x", "xid": "1C12AF8E234111E2A12A406186009F3A", "rejstříkové záznamy": [{"typ": "Dílo", "obsah": "viadukt Buštěhradské dráhy v Prokopském údolí; Pražský Semmering"}, {"typ": "Místo", "obsah": "Hlubočepy"}, {"typ": "Místo", "obsah": "Prokopské údolí"}, {"typ": "Osoba", "obsah": "Alexander, Antonín (1892-působnost do 1948)"}]}