{"typ záznamu": "Archiválie", "signatura": "VIII 424", "druh": "negativ", "obsah": "Celkový pohled na Klementinum z Mariánského náměstí (dům čp. 190, 1040) na Starém Městě. Vpravo průhled Platnéřskou ulicí.", "autor": "Eckert-ateliér", "datace": "21.10.1912", "zobrazeno": "38x", "xid": "1C792AA1BBEF11DFBD46000C766D2371", "rejstříkové záznamy": [{"typ": "Dílo", "obsah": "dům čp. 190, 1040 (Praha-Staré Město); Klementinum"}, {"typ": "Místo", "obsah": "Mariánské náměstí"}, {"typ": "Místo", "obsah": "Platnéřská ulice"}, {"typ": "Místo", "obsah": "Staré Město (Praha)"}, {"typ": "Osoba", "obsah": "Eckert-ateliér"}]}