{"typ záznamu": "Archiválie", "signatura": "I 11516", "druh": "pozitiv", "obsah": "Pohled na mariánský sloup na Staroměstském náměstí. V pozadí domy čp. 606 (palác Kinských), 605 a 604 na Starém Městě.", "autor": "Fridrich, František (1829-1892)", "datace": "1865", "zobrazeno": "72x", "xid": "1C7DBBCED64311E5A67174D435EEBE90", "rejstříkové záznamy": [{"typ": "Dílo", "obsah": "dům čp. 604 (Praha-Staré Město)"}, {"typ": "Dílo", "obsah": "dům čp. 605 (Praha-Staré Město)"}, {"typ": "Dílo", "obsah": "dům čp. 606 (Praha-Staré Město); palác Kinských"}, {"typ": "Dílo", "obsah": "mariánský sloup na Staroměstském náměstí"}, {"typ": "Místo", "obsah": "Staré Město (Praha)"}, {"typ": "Místo", "obsah": "Staroměstské náměstí"}, {"typ": "Osoba", "obsah": "Fridrich, František (1829-1892)"}]}