{"typ záznamu": "Archiválie", "signatura": "I 9857", "druh": "pozitiv", "obsah": "Interiér ložnice v druhém patře Schönbornského paláce - domu čp. 365 na Malé Straně - detail s oknem a dveřmi.", "autor": "Vojta, Tomáš (1885-1934)", "datace": "červen 1931", "zobrazeno": "24x", "xid": "1D201FE379F911E3B274406186009F3A", "rejstříkové záznamy": [{"typ": "Dílo", "obsah": "dům čp. 365 (Praha-Malá Strana); Schönbornský palác"}, {"typ": "Místo", "obsah": "Malá Strana"}, {"typ": "Osoba", "obsah": "Vojta, Tomáš (1885-1934)"}]}