{"typ záznamu": "Archiválie", "signatura": "II 1670", "druh": "pozitiv", "obsah": "Pohled na nouzové stavby v bývalé pískovně Vinička při Radimově ulici v Břevnově.", "autor": "Dub, Václav (dokumenty 1928-1983)", "datace": "1940", "zobrazeno": "89x", "xid": "1D6B15ABBB7711E594BE74D435EEBE90", "rejstříkové záznamy": [{"typ": "Dílo", "obsah": "pískovna / BŘEVNOV"}, {"typ": "Dílo", "obsah": "stavby nouzové (Praha-Břevnov)"}, {"typ": "Místo", "obsah": "Břevnov"}, {"typ": "Místo", "obsah": "Radimova ulice"}, {"typ": "Osoba", "obsah": "Dub, Václav (dokumenty 1928-1983)"}]}