{"typ záznamu": "Archiválie", "signatura": "I 11242", "druh": "pozitiv", "obsah": "Pohled na hroby na Malostranském hřbitově na Smíchově při zdi do Plzeňské ulice - původní stav. Vlevo náhrobek rodiny Maškovy.", "autor": "Alexander, Antonín (1892-působnost do 1948)", "datace": "26.9.1926", "zobrazeno": "91x", "xid": "1DA9F6B02FB711E5A57D74D435EEBE90", "rejstříkové záznamy": [{"typ": "Místo", "obsah": "Malostranský hřbitov (Praha-Smíchov)"}, {"typ": "Místo", "obsah": "Plzeňská ulice"}, {"typ": "Místo", "obsah": "Smíchov"}, {"typ": "Osoba", "obsah": "Alexander, Antonín (1892-působnost do 1948)"}, {"typ": "Věc. objekt", "obsah": "hřbitovy (areály)"}]}