{"typ záznamu": "Archiválie", "signatura": "VIII 1235", "druh": "negativ", "obsah": "Pohled na stavbu přístavu v Libni - od Libeňského nábřeží.", "autor": "Eckert, Jindřich (1833-1905)", "datace": "kol.1895", "zobrazeno": "67x", "xid": "1DEAB06076C011E2BF17525400E46D25", "rejstříkové záznamy": [{"typ": "Dílo", "obsah": "přístav (Praha-Libeň)"}, {"typ": "Místo", "obsah": "Libeň"}, {"typ": "Místo", "obsah": "Vltava"}, {"typ": "Osoba", "obsah": "Eckert, Jindřich (1833-1905)"}]}