{"typ záznamu": "Archiválie", "signatura": "VIII 1258", "druh": "negativ", "obsah": "Pohled na slavobránu na Malostranském náměsti při ústí Karmelitské ulice s dekorací při příležitosti návštěvy císaře Františka Josefa I. v Praze. V pozadí kostel P. Marie Vítězné.", "autor": "Eckert, Jindřich (1833-1905)", "datace": "červen 1901", "zobrazeno": "50x", "xid": "1E18BE6E7CDF11E2BF1A525400E46D25", "rejstříkové záznamy": [{"typ": "Dílo", "obsah": "kostel P. Marie Vítězné (Praha-Malá Strana)"}, {"typ": "Místo", "obsah": "Karmelitská ulice"}, {"typ": "Místo", "obsah": "Malá Strana"}, {"typ": "Místo", "obsah": "Malostranské náměstí"}, {"typ": "Osoba", "obsah": "Eckert, Jindřich (1833-1905)"}, {"typ": "Věc. objekt", "obsah": "slavobrána při návštěvě císaře Františka Josefa I."}]}