{"typ záznamu": "Archiválie", "signatura": "I 11369", "druh": "pozitiv", "obsah": "Panoramatický pohled do údolí motolského potoka v Košířích u Cibulky v panoramatickém pohledu od jihu k západu s rozestavěnými stavbami vilové čtvrti. Druhý díl třídílného panoramatu.", "autor": "Alexander, Antonín (1892-působnost do 1948)", "datace": "15.5.1925", "zobrazeno": "140x", "xid": "1E4D5DC8879011E5A334406186009F3A", "rejstříkové záznamy": [{"typ": "Místo", "obsah": "Cibulka"}, {"typ": "Místo", "obsah": "Košíře"}, {"typ": "Osoba", "obsah": "Alexander, Antonín (1892-působnost do 1948)"}, {"typ": "Věc. objekt", "obsah": "panoramatické pohledy"}]}