{"typ záznamu": "Archiválie", "signatura": "VIII 1107", "druh": "negativ", "obsah": "Pohled na stavbu domu čp. 128 na Strakově nábřeží (Strakova akademie) na Malé Straně. V pozadí domy na Klárově s domem čp. 131 (Klárův ústav slepců).", "autor": "Eckert, Jindřich (1833-1905)", "datace": "kol.1895", "zobrazeno": "39x", "xid": "1E796279A3FC11E1BEEB000C766D2371", "rejstříkové záznamy": [{"typ": "Dílo", "obsah": "dům čp. 128 (Praha-Malá Strana); Strakova akademie"}, {"typ": "Dílo", "obsah": "dům čp. 131 (Praha-Malá Strana)"}, {"typ": "Místo", "obsah": "Malá Strana"}, {"typ": "Místo", "obsah": "náměstí Klárov"}, {"typ": "Místo", "obsah": "Strakovo nábřeží"}, {"typ": "Osoba", "obsah": "Eckert, Jindřich (1833-1905)"}]}