{"typ záznamu": "Archiválie", "signatura": "I 11413", "druh": "pozitiv", "obsah": "Pohled na dům čp. 42 ve Veleslavínské ulici (dnes Radimova) v Břevnově. V pozadí dům čp. 6 (\"Česká chaloupka\").", "autor": "Alexander, Antonín (1892-působnost do 1948)", "datace": "4.9.1943", "zobrazeno": "48x", "xid": "1EFACA6CB84C11E5AA08D4BED94BB14D", "rejstříkové záznamy": [{"typ": "Dílo", "obsah": "dům čp. 42 / BŘEVNOV"}, {"typ": "Místo", "obsah": "Břevnov"}, {"typ": "Místo", "obsah": "Radimova ulice"}, {"typ": "Osoba", "obsah": "Alexander, Antonín (1892-působnost do 1948)"}]}