{"typ záznamu": "Archiválie", "signatura": "X 5107", "druh": "negativ", "obsah": "Pohled z nároží bastionu 36 vyšehradských hradeb k jihu na vltavské údolí. Zleva Podolské nábřeží, přístav, přístavní hráz s dřevěnou budovou Yacht klubu (dům čp. 1148 v Podolí). Dále v pozadí Veslařský ostrov.", "autor": "Vojta, Tomáš (1885-1934)", "datace": "10.9.1923", "zobrazeno": "88x", "xid": "1F2D969561B611E9931174D435EEBE90", "rejstříkové záznamy": [{"typ": "Dílo", "obsah": "dům čp. 1148 (Praha-Podolí);Yacht klub"}, {"typ": "Dílo", "obsah": "přístav (Praha-Podolí)"}, {"typ": "Místo", "obsah": "Podolí"}, {"typ": "Místo", "obsah": "Podolské nábřeží"}, {"typ": "Místo", "obsah": "Veslařský ostrov"}, {"typ": "Místo", "obsah": "Vltava"}, {"typ": "Osoba", "obsah": "Vojta, Tomáš (1885-1934)"}]}