{"typ záznamu": "Archiválie", "signatura": "VIII 1299", "druh": "negativ", "obsah": "Celkový pohled na novostavbu domu čp. 949 (\"Matějovský\") na Národní třídě na Starém Městě.", "autor": "Eckert-ateliér", "datace": "1912", "zobrazeno": "27x", "xid": "1F4B1F3F824B11E2BF1E525400E46D25", "rejstříkové záznamy": [{"typ": "Dílo", "obsah": "dům čp. 949 (Praha-Staré Město)"}, {"typ": "Místo", "obsah": "Národní třída"}, {"typ": "Místo", "obsah": "Staré Město (Praha)"}, {"typ": "Osoba", "obsah": "Eckert-ateliér"}]}