{"typ záznamu": "Archiválie", "signatura": "VIII 1314", "druh": "negativ", "obsah": "Meč sv. Štěpána v chrámu sv. Víta na Pražském hradě - rukojeť s poloviční střenkou.", "autor": "Eckert, Jindřich (1833-1905)", "datace": "kol.1900", "zobrazeno": "22x", "xid": "1F58696085AC11E2BF1F525400E46D25", "rejstříkové záznamy": [{"typ": "Dílo", "obsah": "chrám sv. Víta (Praha-Hradčany)"}, {"typ": "Dílo", "obsah": "Pražský hrad (Praha-Hradčany)"}, {"typ": "Místo", "obsah": "Hradčany (Praha)"}, {"typ": "Osoba", "obsah": "Eckert, Jindřich (1833-1905)"}, {"typ": "Věc. objekt", "obsah": "meč sv. Štěpána"}]}