{"typ záznamu": "Archiválie", "signatura": "IX 148", "druh": "negativ", "obsah": "Boční pohled na východní křídlo Staroměstské radnice (dům čp. 1 na Starém Městě).", "autor": "Bellmann-ateliér", "datace": "1904", "zobrazeno": "51x", "xid": "1F84490B725411E98754406186009F3A", "rejstříkové záznamy": [{"typ": "Dílo", "obsah": "dům čp. 1 (Staré Město, Praha, Česko : radnice : 1338-)"}, {"typ": "Místo", "obsah": "Staré Město (Praha)"}, {"typ": "Místo", "obsah": "Staroměstské náměstí"}, {"typ": "Osoba", "obsah": "Bellmann-ateliér"}]}