{"typ záznamu": "Archiválie", "signatura": "I 11879", "druh": "pozitiv", "obsah": "Pohled na dům čp. 1225 v Barvířské ulici na Novém Městě.", "datace": "13.10.1908", "zobrazeno": "30x", "xid": "1FB97F7D651F11E6A555000C76270B94", "rejstříkové záznamy": [{"typ": "Dílo", "obsah": "dům čp. 1225 (Praha-Nové Město)"}, {"typ": "Místo", "obsah": "Barvířská ulice"}, {"typ": "Místo", "obsah": "Nové Město (Praha)"}, {"typ": "Věc. objekt", "obsah": "povozy"}, {"typ": "Věc. objekt", "obsah": "tabulky s názvem ulice"}]}