{"typ záznamu": "Archiválie", "signatura": "VIII 1199", "druh": "negativ", "obsah": "Pohled do interiéru lázní na Slovanském ostrově - koupelna s pevnou a pojízdnou vanou.", "autor": "Eckert, Jindřich (1833-1905)", "datace": "kol.1900", "zobrazeno": "16x", "xid": "1FDE046E802311E2BF1B525400E46D25", "rejstříkové záznamy": [{"typ": "Dílo", "obsah": "lázně na Slovanském ostrově"}, {"typ": "Místo", "obsah": "Nové Město (Praha)"}, {"typ": "Místo", "obsah": "Slovanský ostrov (Žofín)"}, {"typ": "Osoba", "obsah": "Eckert, Jindřich (1833-1905)"}]}