{"typ záznamu": "Archiválie", "signatura": "I 12162", "druh": "pozitiv", "obsah": "Pohled z břehu v Malé Chuchli na vltavský břeh v Hodkovičkách u slepého říčního ramene s koupajícími osobami. V popředí plachetnice a v pozadí panorama Hodkoviček.", "autor": "Hnilička, Eduard (1887-1967)", "datace": "1959", "zobrazeno": "34x", "xid": "2028AB9CD28E11E6BE58406186009F3A", "rejstříkové záznamy": [{"typ": "Místo", "obsah": "břeh (Praha-Hodkovičky)"}, {"typ": "Místo", "obsah": "Hodkovičky"}, {"typ": "Místo", "obsah": "Vltava"}, {"typ": "Osoba", "obsah": "Hnilička, Eduard (1887-1967)"}]}