{"typ záznamu": "Archiválie", "signatura": "I 4890", "druh": "pozitiv", "obsah": "Pohled do Chotkovy silnice na Malé Straně z výšky - z terasy domu čp. 134 směrem k západu. Zprava domy čp. 144, čp. 551, čp. 538, čp. 607 (část). Vlevo část domu čp. 145 na Malé Straně.", "autor": "Alexander, Antonín (1892-působnost do 1948)", "datace": "2.2.1934", "zobrazeno": "70x", "xid": "203BE606D5A111E18CF36C626D41E503", "rejstříkové záznamy": [{"typ": "Dílo", "obsah": "dům čp. 144 (Praha-Malá Strana)"}, {"typ": "Dílo", "obsah": "dům čp. 145 (Praha-Malá Strana)"}, {"typ": "Dílo", "obsah": "dům čp. 551 (Praha-Malá Strana)"}, {"typ": "Místo", "obsah": "Chotkova silnice"}, {"typ": "Místo", "obsah": "Malá Strana"}, {"typ": "Osoba", "obsah": "Alexander, Antonín (1892-působnost do 1948)"}]}