{"typ záznamu": "Archiválie", "signatura": "I 12876", "druh": "pozitiv", "obsah": "Pohled na stavbu budovy Magistrátu hlavního města Prahy (dům čp. 2) na Mariánském náměstí na Starém Městě. V pozadí Platnéřská ulice a náměstí Franze Kafky.", "datace": "1909-1910", "zobrazeno": "12x", "xid": "203e0757ce5943039f6531808a5b71bd", "rejstříkové záznamy": [{"typ": "Dílo", "obsah": "dům čp. 2 (Praha-Staré Město); Nová radnice"}, {"typ": "Místo", "obsah": "Mariánské náměstí"}, {"typ": "Místo", "obsah": "Staré Město (Praha)"}]}