{"typ záznamu": "Archiválie", "signatura": "VIII 1583", "druh": "negativ", "obsah": "Stavba železničního mostu na trati Písek-Tábor v Červené nad Vltavou.", "autor": "Eckert, Jindřich (1833-1905)", "datace": "1888-1889", "zobrazeno": "31x", "xid": "204A244996DE11E2BF2B525400E46D25", "rejstříkové záznamy": [{"typ": "Dílo", "obsah": "železniční most (Červená nad Vltavou)"}, {"typ": "Dílo", "obsah": "železniční trať Písek - Tábor"}, {"typ": "Místo", "obsah": "Červená nad Vltavou"}, {"typ": "Místo", "obsah": "Vltava"}, {"typ": "Osoba", "obsah": "Eckert, Jindřich (1833-1905)"}]}