{"typ záznamu": "Archiválie", "signatura": "VIII 1474", "druh": "negativ", "obsah": "Pohled na novoměstské nábřeží - při stavbě. Uprostřed Helmovské mlýny a novorenesanční dům čp. 1219 na nároží ulic Klimentské a Půtovy.", "autor": "Eckert-ateliér", "datace": "28.5.1908", "zobrazeno": "32x", "xid": "207CA96F90B011E2BF26525400E46D25", "rejstříkové záznamy": [{"typ": "Dílo", "obsah": "dům čp. 1219 (Praha-Nové Město)"}, {"typ": "Dílo", "obsah": "Helmovské mlýny (Praha-Nové Město)"}, {"typ": "Místo", "obsah": "Klimentská ulice"}, {"typ": "Místo", "obsah": "nábřeží (Praha-Nové Město)"}, {"typ": "Místo", "obsah": "Nové Město (Praha)"}, {"typ": "Místo", "obsah": "Půtova ulice"}, {"typ": "Osoba", "obsah": "Eckert-ateliér"}]}