{"typ záznamu": "Archiválie", "signatura": "X 8778", "druh": "negativ", "obsah": "Pohled na část orloje Staroměstské radnice (dům čp. 1 na Starém Městě) na Staroměstském náměstí při opravě.", "datace": "kol.1910", "zobrazeno": "22x", "xid": "208F064290C111E8B3B474D435EEBE90", "rejstříkové záznamy": [{"typ": "Dílo", "obsah": "dům čp. 1 (Staré Město, Praha, Česko : radnice : 1338-)"}, {"typ": "Dílo", "obsah": "Staroměstský orloj (Praha-Staré Město)"}, {"typ": "Místo", "obsah": "Staré Město (Praha)"}, {"typ": "Místo", "obsah": "Staroměstské náměstí"}]}