{"typ záznamu": "Archiválie", "signatura": "I 11060", "druh": "pozitiv", "obsah": "Celkový pohled na dům čp. 421 na nároží ulic Bubenské (vpravo) a Antonínské (vlevo) v Holešovicích.", "autor": "Alexander, Antonín (1892-působnost do 1948)", "datace": "31.8.1937", "zobrazeno": "72x", "xid": "2097CB61698711E49A11406186009F3A", "rejstříkové záznamy": [{"typ": "Dílo", "obsah": "dům čp. 421 (Praha-Holešovice); blokový dům"}, {"typ": "Místo", "obsah": "Antonínská ulice"}, {"typ": "Místo", "obsah": "Bubenská ulice"}, {"typ": "Místo", "obsah": "Holešovice (Praha)"}, {"typ": "Osoba", "obsah": "Alexander, Antonín (1892-působnost do 1948)"}]}