{"typ záznamu": "Archiválie", "signatura": "I 11362", "druh": "pozitiv", "obsah": "Panoramatický pohled na Košíře v okolí Cibulky v pohledovém kruhu od severozápadu přes sever k severozápadu. První díl třídílného panoramatu.", "autor": "Alexander, Antonín (1892-působnost do 1948)", "datace": "13.10.1924", "zobrazeno": "89x", "xid": "20C17516878D11E5A334406186009F3A", "rejstříkové záznamy": [{"typ": "Místo", "obsah": "Cibulka"}, {"typ": "Místo", "obsah": "Košíře"}, {"typ": "Osoba", "obsah": "Alexander, Antonín (1892-působnost do 1948)"}, {"typ": "Věc. objekt", "obsah": "panoramatické pohledy"}]}