{"typ záznamu": "Archiválie", "signatura": "X 2246", "druh": "negativ", "obsah": "Pohled na jihozápadní část Městských sadů (dnes Vrchlického sady) na Novém Městě. V pozadí dům čp. 101 na Vinohradech (divadlo Německé - Smetanovo - Státní opera) v Hooverově ulici (dnes Wilsonova) a Wilsonovo nádraží (dům čp. 300) na Vinohradech - nádraží císaře Františka Josefa I., Hlavní.", "zobrazeno": "38x", "xid": "20d3b8f37ca142a4a7eb2199a12d00f6", "rejstříkové záznamy": []}