{"typ záznamu": "Archiválie", "signatura": "II 1712", "druh": "pozitiv", "obsah": "Pohled na kovové části plastik ve sběrně kovů na Maninách, kde byly za okupace uloženy.", "autor": "Sudek, Josef (1896-1976)", "datace": "1945", "zobrazeno": "8x", "xid": "20E14C091D4211E8947874D435EEBE90", "rejstříkové záznamy": [{"typ": "Dílo", "obsah": "sběrna barevných kovů na Maninách"}, {"typ": "Místo", "obsah": "Holešovice (Praha)"}, {"typ": "Místo", "obsah": "Maniny"}, {"typ": "Osoba", "obsah": "Sudek, Josef (1896-1976)"}, {"typ": "Věc. objekt", "obsah": "okupace 1939-1945"}]}