{"typ záznamu": "Archiválie", "signatura": "VIII 1329", "druh": "negativ", "obsah": "Pohled na práce při stavbě kanalizace (Staroměstská shybková komora) na dnešním Dvořákově nábřeží - staveniště s rozestavěnými šachtami mezi Vltavou, Sanytrovou ulicí a Jánským náměstím. V pozadí domy v Sanytrové ulici a na Jánském náměstí. Zprava: dům čp. 881, čp. 879, čp. 877 na Starém Městě, ústí Břehové ulice (Stará Poštovská), čp. 286, čp. 278 v Josefově, čp. 974 a čp. 884 na Starém Městě.", "autor": "Eckert, Jindřich (1833-1905)", "datace": "19.10.1898", "zobrazeno": "89x", "xid": "20FADC4685B611E2BF1F525400E46D25", "rejstříkové záznamy": [{"typ": "Dílo", "obsah": "dům čp. 278 (Praha-Josefov)"}, {"typ": "Dílo", "obsah": "dům čp. 286 (Praha-Josefov)"}, {"typ": "Dílo", "obsah": "dům čp. 877 (Praha-Staré Město)"}, {"typ": "Dílo", "obsah": "dům čp. 879 (Praha-Staré Město)"}, {"typ": "Dílo", "obsah": "dům čp. 881 (Praha-Staré Město)"}, {"typ": "Dílo", "obsah": "dům čp. 884 (Praha-Staré Město)"}, {"typ": "Dílo", "obsah": "dům čp. 974 (Praha-Staré Město)"}, {"typ": "Místo", "obsah": "Břehová ulice"}, {"typ": "Místo", "obsah": "Jánské náměstí"}, {"typ": "Místo", "obsah": "Sanytrová ulice"}, {"typ": "Místo", "obsah": "Staré Město (Praha)"}, {"typ": "Osoba", "obsah": "Eckert, Jindřich (1833-1905)"}, {"typ": "Věc. objekt", "obsah": "kanalizace (soustavy pro svod odpadů)"}]}