{"typ záznamu": "Archiválie", "signatura": "V 14/30", "druh": "pozitiv", "obsah": "Pohled na sgrafito ve štítu východní strany Vladislavského sálu na Pražském hradě - na půdě kaple Všech svatých.", "datace": "kol.1900", "zobrazeno": "30x", "xid": "21233CA563DC11E89CE474D435EEBE90", "rejstříkové záznamy": [{"typ": "Dílo", "obsah": "kaple Všech Svatých na Pražském hradě"}, {"typ": "Dílo", "obsah": "Pražský hrad (Praha-Hradčany)"}, {"typ": "Dílo", "obsah": "Vladislavský sál Pražského hradu"}, {"typ": "Místo", "obsah": "Hradčany (Praha)"}]}