{"typ záznamu": "Archiválie", "signatura": "I 11837", "druh": "pozitiv", "obsah": "Pohled na stavbu plavebních komor u ostrova Štvanice. V pozadí Negrelliho viadukt.", "datace": "19.7.1910", "zobrazeno": "67x", "xid": "2137DF9B644C11E6A554000C76270B94", "rejstříkové záznamy": [{"typ": "Dílo", "obsah": "Negrelliho viadukt; Karlínský"}, {"typ": "Místo", "obsah": "Holešovice (Praha)"}, {"typ": "Místo", "obsah": "ostrov Štvanice"}, {"typ": "Místo", "obsah": "Vltava"}, {"typ": "Věc. objekt", "obsah": "plavební komory"}]}