{"typ záznamu": "Archiválie", "signatura": "V 69/7 b", "druh": "pozitiv", "obsah": "Pohled na levou spodní část ciferníku orloje Staroměstské radnice při restaurování (dům čp. 1 na Starém Městě) na Staroměstském náměstí.", "datace": "19.9.1911", "zobrazeno": "34x", "xid": "2153E36190E611E8B3B474D435EEBE90", "rejstříkové záznamy": [{"typ": "Dílo", "obsah": "dům čp. 1 (Staré Město, Praha, Česko : radnice : 1338-)"}, {"typ": "Dílo", "obsah": "Staroměstský orloj (Praha-Staré Město)"}, {"typ": "Místo", "obsah": "Staré Město (Praha)"}, {"typ": "Místo", "obsah": "Staroměstské náměstí"}]}