{"typ záznamu": "Archiválie", "signatura": "X 3862", "druh": "negativ", "obsah": "Pohled na odstraňování zbytku litinového můstku ze Slovanského ostrova na nábřeží (Masarykovo).", "autor": "Vopravil, Josef (1902-1972)", "datace": "18.2.1949", "zobrazeno": "33x", "xid": "2197A1232BEB11E69C9A406186009F3A", "rejstříkové záznamy": [{"typ": "Dílo", "obsah": "most na Slovanský ostrov"}, {"typ": "Místo", "obsah": "Masarykovo nábřeží"}, {"typ": "Místo", "obsah": "Nové Město (Praha)"}, {"typ": "Místo", "obsah": "Slovanský ostrov (Žofín)"}, {"typ": "Osoba", "obsah": "Vopravil, Josef (1902-1972)"}, {"typ": "Věc. objekt", "obsah": "bourání mostu"}]}