{"typ záznamu": "Archiválie", "signatura": "V 13/10 b", "druh": "pozitiv", "obsah": "Pohled do zahrady Valdštejnského paláce s grottou a voliérou (dům čp. 17 na Malé Straně).", "autor": "Eckert-ateliér", "zobrazeno": "41x", "xid": "21BDEF285F5611E8A52374D435EEBE90", "rejstříkové záznamy": [{"typ": "Dílo", "obsah": "dům čp. 17 (Praha-Malá Strana); Valdštejnský palác"}, {"typ": "Místo", "obsah": "Malá Strana"}, {"typ": "Místo", "obsah": "Valdštejnská zahrada (Praha-Malá Strana)"}, {"typ": "Osoba", "obsah": "Eckert-ateliér"}, {"typ": "Věc. objekt", "obsah": "grotta"}]}