{"typ záznamu": "Archiválie", "signatura": "I 12166", "druh": "pozitiv", "obsah": "Celkový pohled na kapli sv. Bartoloměje v Hodkovičkách. V pozadí dům čp. 12 v Modřanské ulici.", "datace": "1958", "zobrazeno": "39x", "xid": "21E66EECD29311E6BE58406186009F3A", "rejstříkové záznamy": [{"typ": "Dílo", "obsah": "dům čp. 12 (Praha-Hodkovičky)"}, {"typ": "Dílo", "obsah": "kaple sv. Bartoloměje (Praha-Hodkovičky)"}, {"typ": "Místo", "obsah": "Hodkovičky"}, {"typ": "Místo", "obsah": "Modřanská ulice"}, {"typ": "Místo", "obsah": "ulice V Náklích"}]}