{"typ záznamu": "Archiválie", "signatura": "I 12906", "druh": "pozitiv", "obsah": "Pohled na zbytek budovy nádraží Praha - Těšnov při demolici (dům čp. 1583 na Novém Městě).", "autor": "Jelínková, Jana (1951-)", "datace": "1985", "zobrazeno": "246x", "xid": "21fd9f1463db4c0dbcdada8ee711036b", "rejstříkové záznamy": [{"typ": "Dílo", "obsah": "dům čp. 1583 (Praha-Nové Město); nádraží Těšnov"}, {"typ": "Místo", "obsah": "Nové Město (Praha)"}, {"typ": "Osoba", "obsah": "Jelínková, Jana (1951-)"}]}