{"typ záznamu": "Archiválie", "signatura": "X 331", "druh": "negativ", "obsah": "Reprodukce pohlednice s obrazem Havlíčkova náměstí (dnes Senovážné) na Novém Městě.", "autor": "Reach, Zikmund (1859-1935)", "zobrazeno": "116x", "xid": "220F23F8C5AB11E5B8BE406186009F3A", "rejstříkové záznamy": [{"typ": "Dílo", "obsah": "dům čp. 979 (Praha-Nové Město)"}, {"typ": "Dílo", "obsah": "zvonice kostela sv. Jindřicha (Praha-Nové Město)"}, {"typ": "Místo", "obsah": "Havlíčkovo náměstí"}, {"typ": "Místo", "obsah": "Nové Město (Praha)"}, {"typ": "Místo", "obsah": "Senovážné náměstí"}, {"typ": "Osoba", "obsah": "Reach, Zikmund (1859-1935)"}, {"typ": "Věc. objekt", "obsah": "Reachova sbírka"}]}