{"typ záznamu": "Archiválie", "signatura": "I 12899", "druh": "pozitiv", "obsah": "Pohled na stavbu budovy Magistrátu hlavního města Prahy (dům čp. 2) na Mariánském náměstí na Starém Městě - stavba dvorany.", "zobrazeno": "8x", "xid": "222996ed5c034954bf21dcf85ffb7aaa", "rejstříkové záznamy": [{"typ": "Dílo", "obsah": "dům čp. 2 (Praha-Staré Město); Nová radnice"}, {"typ": "Místo", "obsah": "Mariánské náměstí"}, {"typ": "Místo", "obsah": "Staré Město (Praha)"}]}