{"typ záznamu": "Archiválie", "signatura": "I 11175", "druh": "pozitiv", "obsah": "Průhled Charvátovou ulicí. Vlevo dům čp. 35, vpravo čp. 1978 na Novém Městě.", "autor": "Alexander, Antonín (1892-působnost do 1948)", "datace": "11.9.1927", "zobrazeno": "33x", "xid": "223C5C84D9FA11E480BC74D435EEBE90", "rejstříkové záznamy": [{"typ": "Dílo", "obsah": "dům čp. 1978 (Praha-Nové Město)"}, {"typ": "Dílo", "obsah": "dům čp. 35 (Praha-Nové Město); Škodův palác"}, {"typ": "Místo", "obsah": "Charvátova ulice"}, {"typ": "Místo", "obsah": "Nové Město (Praha)"}, {"typ": "Osoba", "obsah": "Alexander, Antonín (1892-působnost do 1948)"}]}