{"typ záznamu": "Archiválie", "signatura": "I 4140", "druh": "pozitiv", "obsah": "Pohled na Břevnovský klášter a okolí z ulice Na Bateriích v Břevnově.", "autor": "Roleček, Jiří", "datace": "1959", "zobrazeno": "73x", "xid": "2250C381BAAC11E5A77074D435EEBE90", "rejstříkové záznamy": [{"typ": "Dílo", "obsah": "dům čp. 1 (Praha-Břevnov); klášter"}, {"typ": "Místo", "obsah": "Břevnov"}, {"typ": "Osoba", "obsah": "Roleček, Jiří"}, {"typ": "Věc. objekt", "obsah": "panorama"}]}