{"typ záznamu": "Archiválie", "signatura": "I 11276", "druh": "pozitiv", "obsah": "Pohled na náhrobní desky na Malostranském hřbitově na Smíchově - původní stav.", "autor": "Alexander, Antonín (1892-působnost do 1948)", "datace": "23.3.1927", "zobrazeno": "53x", "xid": "2265A7842FC111E5A57D74D435EEBE90", "rejstříkové záznamy": [{"typ": "Místo", "obsah": "Malostranský hřbitov (Praha-Smíchov)"}, {"typ": "Místo", "obsah": "Smíchov"}, {"typ": "Osoba", "obsah": "Alexander, Antonín (1892-působnost do 1948)"}]}