{"typ záznamu": "Archiválie", "signatura": "IX 6 c", "druh": "negativ", "obsah": "Celkový pohled na Prašnou bránu ve směru od domu čp. 1037. Vpravo klasicistní obchody a v pozadí presbytář kostela sv. Vojtěcha.", "datace": "před 1901", "zobrazeno": "79x", "xid": "227FFDFAB61211E59BFF406186009F3A", "rejstříkové záznamy": [{"typ": "Dílo", "obsah": "kostel sv. Vojtěcha (Praha-Staré Město)"}, {"typ": "Dílo", "obsah": "obchody u Prašné brány / STARÉ MĚSTO"}, {"typ": "Dílo", "obsah": "Prašná brána (Staré Město, Praha, Česko : stavba : 1475-)"}, {"typ": "Místo", "obsah": "Staré Město (Praha)"}, {"typ": "Věc. objekt", "obsah": "dvoukoláky"}, {"typ": "Věc. objekt", "obsah": "obchody (stavby)"}, {"typ": "Věc. objekt", "obsah": "povozy"}]}