{"typ záznamu": "Archiválie", "signatura": "I 9475", "druh": "pozitiv", "obsah": "Pohled na budovu Filozofické fakulty UK (původně dům čp. 55 na Starém Městě - nyní dům čp. 1 v Josefově) na nároží Kaprovy a Valentinské ulice.", "autor": "Alexander, Antonín (1892-působnost do 1948)", "datace": "10.11.1944", "zobrazeno": "48x", "xid": "228A546E763B11E0BE30000C766D2371", "rejstříkové záznamy": [{"typ": "Dílo", "obsah": "dům čp. 1 (Praha-Josefov); FFUK"}, {"typ": "Dílo", "obsah": "dům čp. 55 (Praha-Staré Město); FFUK"}, {"typ": "Místo", "obsah": "Josefov (Praha)"}, {"typ": "Místo", "obsah": "Kaprova ulice"}, {"typ": "Místo", "obsah": "Staré Město (Praha)"}, {"typ": "Místo", "obsah": "Valentinská ulice"}, {"typ": "Osoba", "obsah": "Alexander, Antonín (1892-působnost do 1948)"}]}