{"typ záznamu": "Archiválie", "signatura": "I 9563", "druh": "pozitiv", "obsah": "Pohled z Rašínova nábřeží u Trojické ulice přes Vltavu na smíchovské nábřeží. Zleva Rašínovo nábřeží, Vltava s železničním mostem, vpravo část smíchovského nábřeží. Při břehu na lodi restaurace. Součást panoramatu.", "autor": "Alexander, Antonín (1892-působnost do 1948)", "datace": "31.5.1931", "zobrazeno": "156x", "xid": "22E79B83532C11E19DFA6C626D41E503", "rejstříkové záznamy": [{"typ": "Dílo", "obsah": "železniční most pod Vyšehradem"}, {"typ": "Místo", "obsah": "Hořejší nábřeží"}, {"typ": "Místo", "obsah": "Nové Město (Praha)"}, {"typ": "Místo", "obsah": "Rašínovo nábřeží"}, {"typ": "Místo", "obsah": "Smíchov"}, {"typ": "Místo", "obsah": "Vltava"}, {"typ": "Osoba", "obsah": "Alexander, Antonín (1892-působnost do 1948)"}]}