{"typ záznamu": "Archiválie", "signatura": "I 12872", "druh": "pozitiv", "obsah": "Pohled na stavbu budovy Magistrátu hlavního města Prahy (dům čp. 2) na Mariánském náměstí na Starém Městě. V pozadí Platnéřská ulice a náměstí Franze Kafky.", "datace": "1909-1910", "zobrazeno": "14x", "xid": "22ecece6e38e4559a598776f092aa80b", "rejstříkové záznamy": [{"typ": "Dílo", "obsah": "dům čp. 2 (Praha-Staré Město); Nová radnice"}, {"typ": "Místo", "obsah": "Mariánské náměstí"}, {"typ": "Místo", "obsah": "Staré Město (Praha)"}]}