{"typ záznamu": "Archiválie", "signatura": "VIII 1459", "druh": "negativ", "obsah": "Pohled do interiéru parní mlékárny ve Vysočanech - výrobna. Dům čp. 26 v Palackého ulici (dnes Freyova).", "autor": "Eckert, Jindřich (1833-1905)", "datace": "kol.1900", "zobrazeno": "48x", "xid": "22F1B420909111E2BF26525400E46D25", "rejstříkové záznamy": [{"typ": "Dílo", "obsah": "dům čp. 26 (Praha-Vysočany); mlékárna"}, {"typ": "Dílo", "obsah": "mlékárna (Praha-Vysočany)"}, {"typ": "Místo", "obsah": "Freyova ulice"}, {"typ": "Místo", "obsah": "Vysočany (Praha)"}, {"typ": "Osoba", "obsah": "Eckert, Jindřich (1833-1905)"}]}