{"typ záznamu": "Archiválie", "signatura": "I 11422", "druh": "pozitiv", "obsah": "Pohled na přední stěnu kapličky č. 1 poutní cesty do Hájku v Břevnově při čp. 47 ve Střešovicích (dnes dům čp. 1069 v Břevnově) u Bělohoské ulice.", "autor": "Alexander, Antonín (1892-působnost do 1948)", "datace": "6.9.1943", "zobrazeno": "74x", "xid": "22F688FBB84111E5AA08D4BED94BB14D", "rejstříkové záznamy": [{"typ": "Dílo", "obsah": "dům čp. 1069 (Praha-Břevnov)"}, {"typ": "Dílo", "obsah": "dům čp. 47 (Praha-Střešovice)"}, {"typ": "Dílo", "obsah": "kaplička č. 1 poutní cesty do Hájku (Praha-Břevnov)"}, {"typ": "Dílo", "obsah": "poutní cesta do Hájku"}, {"typ": "Místo", "obsah": "Břevnov"}, {"typ": "Osoba", "obsah": "Alexander, Antonín (1892-působnost do 1948)"}]}