{"typ záznamu": "Archiválie", "signatura": "VIII 1225", "druh": "negativ", "obsah": "Pohled na správní budovu (\"Správa a výběrny\") v areálu pražských Ústředních jatek v Holešovicích (dům čp. 306).", "autor": "Eckert, Jindřich (1833-1905)", "datace": "1895", "zobrazeno": "70x", "xid": "22F7916E76B311E2BF17525400E46D25", "rejstříkové záznamy": [{"typ": "Dílo", "obsah": "dům čp. 306 (Praha-Holešovice); jatky"}, {"typ": "Místo", "obsah": "Holešovice (Praha)"}, {"typ": "Osoba", "obsah": "Eckert, Jindřich (1833-1905)"}]}