{"typ záznamu": "Archiválie", "signatura": "VIII 1328", "druh": "negativ", "obsah": "Pohled do interiéru budovy Zemské banky (dům čp. 858) na Novém Městě - kancelář centrálního ředitele.", "autor": "Eckert, Jindřich (1833-1905)", "datace": "16.2.1903", "zobrazeno": "23x", "xid": "233A1BB885B411E2BF1F525400E46D25", "rejstříkové záznamy": [{"typ": "Dílo", "obsah": "dům čp. 858 (Praha-Nové Město); banka"}, {"typ": "Místo", "obsah": "Nové Město (Praha)"}, {"typ": "Místo", "obsah": "ulice Na Příkopě"}, {"typ": "Osoba", "obsah": "Eckert, Jindřich (1833-1905)"}]}