{"typ záznamu": "Archiválie", "signatura": "VIII 1648", "druh": "negativ", "obsah": "Pohled od zámku v Mělníku na Říp. V popředí rozestavěný most přes Labe.", "autor": "Eckert, Jindřich (1833-1905)", "datace": "1887-1888", "zobrazeno": "24x", "xid": "233A86899D2311E2BF2E525400E46D25", "rejstříkové záznamy": [{"typ": "Místo", "obsah": "Labe"}, {"typ": "Místo", "obsah": "Mělník"}, {"typ": "Místo", "obsah": "Říp"}, {"typ": "Osoba", "obsah": "Eckert, Jindřich (1833-1905)"}]}