{"typ záznamu": "Archiválie", "signatura": "I 11237", "druh": "pozitiv", "obsah": "Pohled na náhrobky na Malostranském hřbitově (starší část) na Smíchově při ulici Duškova - (zleva) náhrobek rodiny Tunkelových von Asprung und Hohenstadt, hrobka rodiny Haasových od Ignáce Platzera a náhrobek rodiny Umannových.", "autor": "Petřík, J.", "zobrazeno": "118x", "xid": "237299532FB411E5A57D74D435EEBE90", "rejstříkové záznamy": [{"typ": "Místo", "obsah": "Malostranský hřbitov (Praha-Smíchov)"}, {"typ": "Místo", "obsah": "Smíchov"}, {"typ": "Osoba", "obsah": "Haas, František"}, {"typ": "Osoba", "obsah": "Petřík, J."}, {"typ": "Osoba", "obsah": "Platzer, Ignác"}, {"typ": "Věc. objekt", "obsah": "hřbitovy (areály)"}, {"typ": "Věc. objekt", "obsah": "náhrobky"}]}