{"typ záznamu": "Archiválie", "signatura": "I 12193", "druh": "pozitiv", "obsah": "Cvičení žen během VII. všesokolského sletu na Letné v Holešovicích.", "autor": "Vojta, Tomáš (1885-1934)", "datace": "27.-30.6.1920", "zobrazeno": "44x", "xid": "237E84E887D911E79100406186009F3A", "rejstříkové záznamy": [{"typ": "Místo", "obsah": "Holešovice (Praha)"}, {"typ": "Místo", "obsah": "Letná"}, {"typ": "Osoba", "obsah": "Vojta, Tomáš (1885-1934)"}, {"typ": "Věc. objekt", "obsah": "Sokol"}, {"typ": "Věc. objekt", "obsah": "sport"}, {"typ": "Věc. objekt", "obsah": "stadion"}]}