{"typ záznamu": "Archiválie", "signatura": "X 3459", "druh": "negativ", "obsah": "Pohled do ulice Tržiště. Vpravo dům čp. 302, uprostřed dům čp. 303 na Malé Straně.", "autor": "Fink, František (1854-1935)", "datace": "kol.1920", "zobrazeno": "20x", "xid": "23A2044428A011E6BCEA406186009F3A", "rejstříkové záznamy": [{"typ": "Dílo", "obsah": "dům čp. 302 (Praha-Malá Strana)"}, {"typ": "Dílo", "obsah": "dům čp. 303 (Praha-Malá Strana)"}, {"typ": "Místo", "obsah": "Malá Strana"}, {"typ": "Místo", "obsah": "ulice Tržiště"}, {"typ": "Osoba", "obsah": "Fink, František (1854-1935)"}]}