{"typ záznamu": "Archiválie", "signatura": "VIII 1632", "druh": "negativ", "obsah": "Pohled na pískovcové skály u Hrubé Skály. V pozadí zříceniny hradu Trosky.", "autor": "Eckert, Jindřich (1833-1905)", "datace": "1894", "zobrazeno": "11x", "xid": "23AF938B9D0811E2BF2E525400E46D25", "rejstříkové záznamy": [{"typ": "Dílo", "obsah": "hrad Trosky"}, {"typ": "Místo", "obsah": "Hrubá Skála"}, {"typ": "Místo", "obsah": "Trosky"}, {"typ": "Osoba", "obsah": "Eckert, Jindřich (1833-1905)"}]}