{"typ záznamu": "Archiválie", "signatura": "I 12106", "druh": "pozitiv", "obsah": "Celkový pohled na budovu ministerstva průmyslu a obchodu (dům čp. 1039) v ulici Na Františku na Starém Městě.", "autor": "Rameš, Václav", "datace": "1985", "zobrazeno": "30x", "xid": "240C33A357F611E7A695406186009F3A", "rejstříkové záznamy": [{"typ": "Dílo", "obsah": "dům čp. 1039 (Praha-Staré Město); ministerstvo obchodu, průmyslu a obchodu"}, {"typ": "Místo", "obsah": "Staré Město (Praha)"}, {"typ": "Místo", "obsah": "ulice Na Františku"}, {"typ": "Osoba", "obsah": "Rameš, František"}]}