{"typ záznamu": "Archiválie", "signatura": "I 9738", "druh": "pozitiv", "obsah": "Pohled do Husovy ulice směrem k severu. Zleva domy čp. 227, 228 (nově opravený), 229 a 156. V pozadí Clam Gallasův palác čp. 158 na Starém Městě.", "autor": "Alexander, Antonín (1892-působnost do 1948)", "datace": "30.8.1935", "zobrazeno": "46x", "xid": "24290DD504D711E3A4F66C626D41E503", "rejstříkové záznamy": [{"typ": "Dílo", "obsah": "dům čp. 156 (Praha-Staré Město)"}, {"typ": "Dílo", "obsah": "dům čp. 158 (Staré Město, Praha, Česko : palác : 18. st.-)"}, {"typ": "Dílo", "obsah": "dům čp. 227 (Praha-Staré Město)"}, {"typ": "Dílo", "obsah": "dům čp. 228 (Praha-Staré Město)"}, {"typ": "Dílo", "obsah": "dům čp. 229 (Praha-Staré Město)"}, {"typ": "Místo", "obsah": "Husova ulice"}, {"typ": "Místo", "obsah": "Staré Město (Praha)"}, {"typ": "Osoba", "obsah": "Alexander, Antonín (1892-působnost do 1948)"}]}