{"typ záznamu": "Archiválie", "signatura": "I 12281", "druh": "pozitiv", "obsah": "Pohled na kostel sv. Petra a Pavla na bývalé návsi ve starých Bohnicích (dnes Bohnická ulice). V pozadí dům čp. 13.", "autor": "Hnilička, Eduard (1887-1967)", "datace": "15.6.1959", "zobrazeno": "74x", "xid": "242D64BA212311E8925674D435EEBE90", "rejstříkové záznamy": [{"typ": "Dílo", "obsah": "dům čp. 13 (Praha-Bohnice)"}, {"typ": "Dílo", "obsah": "kostel sv. Petra a Pavla (Praha-Bohnice)"}, {"typ": "Místo", "obsah": "Bohnice"}, {"typ": "Místo", "obsah": "Bohnická ulice"}, {"typ": "Osoba", "obsah": "Hnilička, Eduard (1887-1967)"}]}