{"typ záznamu": "Archiválie", "signatura": "I 12045", "druh": "pozitiv", "obsah": "Pohled na osvětlenou Staroměstskou radnici při příležitosti 10. výročí samostatnosti Československé republiky. V pozadí kostel P. Marie před Týnem na Starém Městě.", "autor": "Vopravil, Josef (1902-1972)", "datace": "28.10.1928", "zobrazeno": "49x", "xid": "247213E2124211E8A338406186009F3A", "rejstříkové záznamy": [{"typ": "Dílo", "obsah": "dům čp. 1 (Staré Město, Praha, Česko : radnice : 1338-)"}, {"typ": "Dílo", "obsah": "kostel Panny Marie před Týnem (Praha, Česko : kostel)"}, {"typ": "Místo", "obsah": "Staré Město (Praha)"}, {"typ": "Místo", "obsah": "Staroměstské náměstí"}, {"typ": "Osoba", "obsah": "Vopravil, Josef (1902-1972)"}, {"typ": "Věc. objekt", "obsah": "osvětlení slavnostní"}]}