{"typ záznamu": "Archiválie", "signatura": "I 11872", "druh": "pozitiv", "obsah": "Pohled na stavbu horního ohlaví plavebních komor u ostrova Štvanice pod provizorním dřevěným mostem (Hlávkův).", "datace": "27.10.1909", "zobrazeno": "45x", "xid": "24BF2AEC651811E6A555000C76270B94", "rejstříkové záznamy": [{"typ": "Dílo", "obsah": "provizorní dřevěný most (dnes zde Hlávkův)"}, {"typ": "Místo", "obsah": "Holešovice (Praha)"}, {"typ": "Místo", "obsah": "ostrov Štvanice"}, {"typ": "Místo", "obsah": "Vltava"}, {"typ": "Věc. objekt", "obsah": "plavební komory"}]}