{"typ záznamu": "Archiválie", "signatura": "I 11771", "druh": "pozitiv", "obsah": "Pohled na zbytky starého Helmovského jezu odkryté při stavbě špičky ostrova Štvanice. V pozadí provizorní dřevěný most pro dělníky.", "datace": "31.7.1908", "zobrazeno": "45x", "xid": "2543B85A5D5411E6A54F000C76270B94", "rejstříkové záznamy": [{"typ": "Místo", "obsah": "Holešovice (Praha)"}, {"typ": "Místo", "obsah": "ostrov Štvanice"}, {"typ": "Místo", "obsah": "Vltava"}, {"typ": "Věc. objekt", "obsah": "jezy (vodní díla)"}]}