{"typ záznamu": "Archiválie", "signatura": "II 1568", "druh": "pozitiv", "obsah": "Okupace 1939-1945 - Bronzové plastiky odstraněného pomníku Františka Palackého, které byly složeny ve sběrně kovů na Maninách.", "autor": "Sudek, Josef (1896-1976)", "datace": "kol.1945", "zobrazeno": "70x", "xid": "25705A41A8E311E2BB3F406186009F3A", "rejstříkové záznamy": [{"typ": "Dílo", "obsah": "pomník Františka Palackého (Praha-Nové Město)"}, {"typ": "Místo", "obsah": "Holešovice (Praha)"}, {"typ": "Místo", "obsah": "Maniny"}, {"typ": "Osoba", "obsah": "Pala, František (1887-1964)"}, {"typ": "Osoba", "obsah": "Sudek, Josef (1896-1976)"}, {"typ": "Věc. objekt", "obsah": "okupace 1939-1945"}]}