{"typ záznamu": "Archiválie", "signatura": "VIII 1398", "druh": "negativ", "obsah": "Pohled na slavobránu na Národní třídě vybudovaná Českou spořitelnou s dekorací při příležitosti návštěvy císaře Františka Josefa I. v Praze. Vlevo část budovy Národního divadla, vpravo část budovy 1009 (Česká spořitelna) na Starém Městě.", "autor": "Eckert, Jindřich (1833-1905)", "datace": "září 1891", "zobrazeno": "34x", "xid": "2599D3048B1311E2BF22525400E46D25", "rejstříkové záznamy": [{"typ": "Dílo", "obsah": "dům čp. 1009 (Praha-Staré Město)"}, {"typ": "Dílo", "obsah": "dům čp. 223 (Praha-Nové Město); Národní divadlo"}, {"typ": "Místo", "obsah": "Národní třída"}, {"typ": "Místo", "obsah": "Nové Město (Praha)"}, {"typ": "Místo", "obsah": "Staré Město (Praha)"}, {"typ": "Osoba", "obsah": "Eckert, Jindřich (1833-1905)"}, {"typ": "Věc. objekt", "obsah": "slavobrána při návštěvě císaře Františka Josefa I."}]}