{"typ záznamu": "Archiválie", "signatura": "I 9818", "druh": "pozitiv", "obsah": "Pohled na hlavní průčelí kaple sv. Anny v Dolnokrčské ulici 1 (dům čp. 1908 v Krči).", "autor": "Alexander, Antonín (1892-působnost do 1948)", "datace": "28.4.1944", "zobrazeno": "72x", "xid": "259E4279510411E38E526C626D41E503", "rejstříkové záznamy": [{"typ": "Dílo", "obsah": "dům čp. 1908 (Praha-Krč)"}, {"typ": "Dílo", "obsah": "kaple sv. Anny (Praha-Krč)"}, {"typ": "Místo", "obsah": "Dolnokrčská ulice"}, {"typ": "Místo", "obsah": "Krč (Praha)"}, {"typ": "Osoba", "obsah": "Alexander, Antonín (1892-působnost do 1948)"}]}