{"typ záznamu": "Archiválie", "signatura": "I 11854", "druh": "pozitiv", "obsah": "Pohled na připojení nové vodní jímky k jímce ve vorové propusti nového Helmovského jezu. V pozadí most císaře Františka Josefa I.", "datace": "10.9.1909", "zobrazeno": "50x", "xid": "25B9CBCB646811E6A554000C76270B94", "rejstříkové záznamy": [{"typ": "Dílo", "obsah": "most císaře Františka Josefa I. (řetězový); Eliščin, Štefánikův, Leoše Janáčka, Švermův"}, {"typ": "Místo", "obsah": "Holešovice (Praha)"}, {"typ": "Místo", "obsah": "Vltava"}, {"typ": "Věc. objekt", "obsah": "jezy (vodní díla)"}]}