{"typ záznamu": "Archiválie", "signatura": "IX 245 a", "druh": "negativ", "obsah": "Pohled do Křižíkovy (Palackého) ulice od křižovatky s ulicí Sadovou (dnes Ke Štvanici) k východu - k viaduktu. Zprava domy čp. 345, čp. 379 a čp. 283 (divadlo) v Karlíně. Zleva domy čp. 254, čp. 255, čp. 267... v Karlíně.", "autor": "Bellmann-ateliér", "datace": "kol.1900", "zobrazeno": "73x", "xid": "25C9B659310711E9978874D435EEBE90", "rejstříkové záznamy": [{"typ": "Dílo", "obsah": "dům čp. 254 (Praha-Karlín)"}, {"typ": "Dílo", "obsah": "dům čp. 255 (Praha-Karlín)"}, {"typ": "Dílo", "obsah": "dům čp. 267 (Praha-Karlín)"}, {"typ": "Dílo", "obsah": "dům čp. 283 (Praha-Karlín); divadlo"}, {"typ": "Dílo", "obsah": "dům čp. 345 (Praha-Karlín)"}, {"typ": "Dílo", "obsah": "dům čp. 379 (Praha-Karlín)"}, {"typ": "Místo", "obsah": "Karlín (Praha)"}, {"typ": "Místo", "obsah": "Křižíkova ulice"}, {"typ": "Místo", "obsah": "ulice Prvního pluku"}, {"typ": "Osoba", "obsah": "Bellmann-ateliér"}]}