{"typ záznamu": "Archiválie", "signatura": "II 1602", "druh": "pozitiv", "obsah": "Pohled do interiéru domu čp. 453 (chorobinec na Karlově) na Novém Městě - pacienti v pokoji.", "datace": "kol.1910", "zobrazeno": "56x", "xid": "25CB0CE038F711E4BE4B406186009F3A", "rejstříkové záznamy": [{"typ": "Dílo", "obsah": "dům čp. 453 (Praha-Nové Město); klášter augustiniánů na Karlově"}, {"typ": "Místo", "obsah": "Horská ulice"}, {"typ": "Místo", "obsah": "Karlov (Praha-Nové Město)"}, {"typ": "Místo", "obsah": "Nové Město (Praha)"}, {"typ": "Místo", "obsah": "ulice Ke Karlovu"}, {"typ": "Věc. objekt", "obsah": "chorobinec"}]}