{"typ záznamu": "Archiválie", "signatura": "II 1520", "druh": "pozitiv", "obsah": "Pohled na komplex budov Pražské strojírny akc. spol. (dříve Ruston a spol.) dům čp. 145 ve Švábkách v Libni - uliční průčelí.", "autor": "Kříženecký, Jan (1868-1921)", "datace": "24.3.1912", "zobrazeno": "102x", "xid": "25EA5448F71611DFBD86000C766D2371", "rejstříkové záznamy": [{"typ": "Dílo", "obsah": "dům čp. 145 (Praha-Libeň); továrna Rustonka, Pražské strojírny a. s."}, {"typ": "Dílo", "obsah": "továrna Rustonka (Praha-Libeň)"}, {"typ": "Místo", "obsah": "Libeň"}, {"typ": "Místo", "obsah": "Švábky (Praha-Libeň)"}, {"typ": "Osoba", "obsah": "Kříženecký, Jan (1868-1921)"}]}