{"typ záznamu": "Archiválie", "signatura": "I 11758", "druh": "pozitiv", "obsah": "Pohled na stavbu spodní části plavební komory u ostrova Štvanice. V pozadí provizorní dřevěný most (Hlávkův).", "datace": "3.6.1908", "zobrazeno": "119x", "xid": "261C8853549711E6A54E000C76270B94", "rejstříkové záznamy": [{"typ": "Dílo", "obsah": "provizorní dřevěný most (dnes zde Hlávkův)"}, {"typ": "Místo", "obsah": "Holešovice (Praha)"}, {"typ": "Místo", "obsah": "Karlín (Praha)"}, {"typ": "Místo", "obsah": "Korunní ostrov"}, {"typ": "Místo", "obsah": "ostrov Štvanice"}, {"typ": "Místo", "obsah": "Rohanský ostrov"}, {"typ": "Místo", "obsah": "Vltava"}, {"typ": "Věc. objekt", "obsah": "bagry lodní"}, {"typ": "Věc. objekt", "obsah": "lodě"}, {"typ": "Věc. objekt", "obsah": "stroje"}]}