{"typ záznamu": "Archiválie", "signatura": "I 11301", "druh": "pozitiv", "obsah": "Pohled na hroby poblíž nově vystavené (oproti původní posunuté) zdi Malostranského hřbitova na Smíchově - při Plzeňské ulici.", "autor": "Pacovský, Jaroslav", "datace": "kol.1950", "zobrazeno": "49x", "xid": "26A63DFB304211E5A53574D435EEBE90", "rejstříkové záznamy": [{"typ": "Místo", "obsah": "Malostranský hřbitov (Praha-Smíchov)"}, {"typ": "Místo", "obsah": "Smíchov"}, {"typ": "Osoba", "obsah": "Pacovský, Jaroslav"}]}