{"typ záznamu": "Archiválie", "signatura": "VIII 1206", "druh": "negativ", "obsah": "Pohled z Vyšehradu přes Vltavu na Císařskou louku, Smíchov a Zlíchov (vlevo). V popředí původní vorový přístav. Součást panoramatu.", "autor": "Eckert, Jindřich (1833-1905)", "datace": "kol.1895", "zobrazeno": "93x", "xid": "27122B18803011E2BF1B525400E46D25", "rejstříkové záznamy": [{"typ": "Dílo", "obsah": "vorový přístav (Praha-Smíchov)"}, {"typ": "Místo", "obsah": "Císařská louka"}, {"typ": "Místo", "obsah": "Smíchov"}, {"typ": "Místo", "obsah": "Vltava"}, {"typ": "Místo", "obsah": "Zlíchov"}, {"typ": "Osoba", "obsah": "Eckert, Jindřich (1833-1905)"}]}