{"typ záznamu": "Archiválie", "signatura": "I 9893", "druh": "pozitiv", "obsah": "Celkový pohled na dům čp. 320 na Starém Městě na nároží ulic Konviktské (vpravo) a Divadelní (vlevo).", "autor": "Alexander, Antonín (1892-působnost do 1948)", "datace": "29.3.1928", "zobrazeno": "36x", "xid": "2717D1BE81D811E3B4B96C626D41E503", "rejstříkové záznamy": [{"typ": "Dílo", "obsah": "dům čp. 320 (Praha-Staré Město)"}, {"typ": "Místo", "obsah": "Divadelní ulice"}, {"typ": "Místo", "obsah": "Konviktská ulice"}, {"typ": "Místo", "obsah": "Staré Město (Praha)"}, {"typ": "Osoba", "obsah": "Alexander, Antonín (1892-působnost do 1948)"}]}