{"typ záznamu": "Archiválie", "signatura": "I 11954", "druh": "pozitiv", "obsah": "Celkový pohled na dům čp. 7 v ulici Na Pěšinách v Kobylisích.", "autor": "Hnilička, Eduard (1887-1967)", "datace": "4.8.1959", "zobrazeno": "90x", "xid": "27191CF6366511E7B9CE406186009F3A", "rejstříkové záznamy": [{"typ": "Dílo", "obsah": "dům čp. 7 (Praha-Kobylisy)"}, {"typ": "Místo", "obsah": "Kobylisy"}, {"typ": "Místo", "obsah": "ulice Na Pěšinách"}, {"typ": "Osoba", "obsah": "Hnilička, Eduard (1887-1967)"}]}