{"typ záznamu": "Archiválie", "signatura": "I 11404", "druh": "pozitiv", "obsah": "Průhled Markétskou ulicí od čp. 60 v Břevnově. Dále domy čp. 63, 61, 72 a 67.", "autor": "Alexander, Antonín (1892-působnost do 1948)", "datace": "3.9.1943", "zobrazeno": "32x", "xid": "27256D9BB85511E5AA08D4BED94BB14D", "rejstříkové záznamy": [{"typ": "Dílo", "obsah": "dům čp. 60 / BŘEVNOV"}, {"typ": "Dílo", "obsah": "dům čp. 61 / BŘEVNOV"}, {"typ": "Dílo", "obsah": "dům čp. 63 / BŘEVNOV"}, {"typ": "Dílo", "obsah": "dům čp. 67 / BŘEVNOV"}, {"typ": "Dílo", "obsah": "dům čp. 72 / BŘEVNOV"}, {"typ": "Místo", "obsah": "Břevnov"}, {"typ": "Místo", "obsah": "Markétská ulice"}, {"typ": "Osoba", "obsah": "Alexander, Antonín (1892-působnost do 1948)"}]}