{"typ záznamu": "Archiválie", "signatura": "I 9721", "druh": "pozitiv", "obsah": "Pohled do nádvoří Klementina s pomníkem \"Pražský student\" (dům čp. 190, 1040 na Starém Městě).", "autor": "Klíma, Alois, Ing. (1873-1955)", "datace": "20.1.1906", "zobrazeno": "34x", "xid": "27637E16B0E011E29177406186009F3A", "rejstříkové záznamy": [{"typ": "Dílo", "obsah": "dům čp. 190, 1040 (Praha-Staré Město); Klementinum"}, {"typ": "Dílo", "obsah": "pomník 'Pražský student' na nádvoří Klementina"}, {"typ": "Místo", "obsah": "Staré Město (Praha)"}, {"typ": "Osoba", "obsah": "Klíma, Alois, Ing. (1873-1955)"}]}