{"typ záznamu": "Archiválie", "signatura": "VIII 1368", "druh": "negativ", "obsah": "Pohled do interiéru domu čp. 515 v Holešovicích (Opatrovna a mateřská škola Na Maninách - dnes Tusarova 27) - oddělení pro větší děti - děti při jídle u stolu.", "autor": "Eckert, Jindřich (1833-1905)", "datace": "1901", "zobrazeno": "44x", "xid": "276BBB1A8AF611E2BF22525400E46D25", "rejstříkové záznamy": [{"typ": "Dílo", "obsah": "dům čp. 515 (Praha-Holešovice); škola"}, {"typ": "Místo", "obsah": "Holešovice (Praha)"}, {"typ": "Místo", "obsah": "Maniny"}, {"typ": "Místo", "obsah": "Tusarova ulice"}, {"typ": "Osoba", "obsah": "Eckert, Jindřich (1833-1905)"}]}