{"typ záznamu": "Archiválie", "signatura": "II 1550", "druh": "pozitiv", "obsah": "Průhled Platnéřskou ulicí s budovou Magistrátu hlavního města Prahy (dům čp. 2) na Starém Městě. Uprostřed prázdné prostranství po zboření domů této části Platnéřské ulice.", "autor": "Kříženecký, Jan (1868-1921)", "datace": "10.3.1913", "zobrazeno": "44x", "xid": "276ECEC14D9911E1AE2C6C626D41E503", "rejstříkové záznamy": [{"typ": "Dílo", "obsah": "dům čp. 2 (Praha-Staré Město); Nová radnice"}, {"typ": "Místo", "obsah": "Mariánské náměstí"}, {"typ": "Místo", "obsah": "Platnéřská ulice"}, {"typ": "Místo", "obsah": "Staré Město (Praha)"}, {"typ": "Osoba", "obsah": "Kříženecký, Jan (1868-1921)"}]}