{"typ záznamu": "Archiválie", "signatura": "IX 327 b", "druh": "negativ", "obsah": "Celkový pohled na hlavní průčelí domu čp. 283 v Karlíně (divadlo) v Palackého ulici (dnes Křižíkova). V pozadí vlevo část viaduktu.", "autor": "Bellmann-ateliér", "datace": "kol.1900", "zobrazeno": "65x", "xid": "276EF61F310C11E9978874D435EEBE90", "rejstříkové záznamy": [{"typ": "Dílo", "obsah": "dům čp. 283 (Praha-Karlín); divadlo"}, {"typ": "Dílo", "obsah": "viadukt (Praha-Karlín); Negrelliho, Karlínský"}, {"typ": "Místo", "obsah": "Karlín (Praha)"}, {"typ": "Místo", "obsah": "Křižíkova ulice"}, {"typ": "Osoba", "obsah": "Bellmann-ateliér"}]}