{"typ záznamu": "Archiválie", "signatura": "VIII 1309", "druh": "negativ", "obsah": "Pohled do interiéru manéže v Nosticově ulici (dům čp. 468 - Nosticova jízdárna) na Malé Straně.", "autor": "Eckert, Jindřich (1833-1905)", "datace": "21.5.1903", "zobrazeno": "22x", "xid": "278F386D826211E2BF1E525400E46D25", "rejstříkové záznamy": [{"typ": "Dílo", "obsah": "dům čp. 468 (Praha-Malá Strana)"}, {"typ": "Místo", "obsah": "Malá Strana"}, {"typ": "Místo", "obsah": "Nosticova ulice"}, {"typ": "Osoba", "obsah": "Eckert, Jindřich (1833-1905)"}, {"typ": "Věc. objekt", "obsah": "manéž"}, {"typ": "Věc. objekt", "obsah": "sport"}]}