{"typ záznamu": "Archiválie", "signatura": "VIII 1273", "druh": "negativ", "obsah": "Pohled do interiéru jatek vepřového dobytka v areálu pražských Ústředních jatek v Holešovicích (dům čp. 306).", "autor": "Eckert, Jindřich (1833-1905)", "datace": "1895", "zobrazeno": "42x", "xid": "27A06ACC921711E2BF28525400E46D25", "rejstříkové záznamy": [{"typ": "Dílo", "obsah": "dům čp. 306 (Praha-Holešovice); jatky"}, {"typ": "Místo", "obsah": "Holešovice (Praha)"}, {"typ": "Osoba", "obsah": "Eckert, Jindřich (1833-1905)"}]}