{"typ záznamu": "Archiválie", "signatura": "V 7/13", "druh": "pozitiv", "obsah": "Pohled na vchod Primátorského sálu v Obecním domě (dům čp. 1090 na Starém Městě).", "datace": "kol.1920", "zobrazeno": "21x", "xid": "27AE4BADF25911E4AA40406186009F3A", "rejstříkové záznamy": [{"typ": "Dílo", "obsah": "dům čp. 1090 (Praha-Staré Město); Obecní dům"}, {"typ": "Místo", "obsah": "Staré Město (Praha)"}, {"typ": "Věc. objekt", "obsah": "erby"}, {"typ": "Věc. objekt", "obsah": "portály (části staveb)"}]}