{"typ záznamu": "Archiválie", "signatura": "X 10386", "druh": "negativ", "obsah": "Celkový pohled na Prašnou bránu po přestavbě. Vpravo část Obecního domu (čp. 1090 na Starém Městě), vlevo část nárožního domu čp. 969 na Starém Městě.", "autor": "Eckert-ateliér", "datace": "kol.1925", "zobrazeno": "66x", "xid": "27C2DECBF8A111E4808074D435EEBE90", "rejstříkové záznamy": [{"typ": "Dílo", "obsah": "dům čp. 1090 (Praha-Staré Město); Obecní dům"}, {"typ": "Dílo", "obsah": "dům čp. 969 (Praha-Staré Město); původní"}, {"typ": "Dílo", "obsah": "Prašná brána (Staré Město, Praha, Česko : stavba : 1475-)"}, {"typ": "Místo", "obsah": "náměstí Republiky"}, {"typ": "Místo", "obsah": "Staré Město (Praha)"}, {"typ": "Místo", "obsah": "ulice Na Příkopě"}, {"typ": "Osoba", "obsah": "Eckert-ateliér"}]}