{"typ záznamu": "Archiválie", "signatura": "V 69/1 a", "druh": "pozitiv", "obsah": "Pohled na část jižního průčelí Staroměstské radnice s portálem a s orlojem (dům čp. 1 na Starém Městě) na Staroměstském náměstí.", "autor": "Kříženecký, Jan (1868-1921)", "datace": "24.3.1910", "zobrazeno": "37x", "xid": "27C377DE90E111E8B3B474D435EEBE90", "rejstříkové záznamy": [{"typ": "Dílo", "obsah": "dům čp. 1 (Staré Město, Praha, Česko : radnice : 1338-)"}, {"typ": "Dílo", "obsah": "Staroměstský orloj (Praha-Staré Město)"}, {"typ": "Místo", "obsah": "Staré Město (Praha)"}, {"typ": "Místo", "obsah": "Staroměstské náměstí"}, {"typ": "Osoba", "obsah": "Kříženecký, Jan (1868-1921)"}]}