{"typ záznamu": "Archiválie", "signatura": "I 12975", "druh": "pozitiv", "obsah": "Průvod německých spolkových studentů z Německého domu (dům čp. 859 na Novém Městě) do Studentenheimu v Opletalově ulici. Jeden z alternativních \"bumlů“ mimo prostor ulice Na Příkopě, která byla během tzv. \"Příkopových bitev“ obsazena policisty. V pozadí domy čp. (zprava) 1465, 1464, 1463, 1588 a 993 na Senovážném náměstí.", "autor": "Jehlička", "datace": "1.11.1908", "zobrazeno": "29x", "xid": "280cd144ebf34129b0d8bbd8d6900785", "rejstříkové záznamy": []}