{"typ záznamu": "Archiválie", "signatura": "II 1654", "druh": "pozitiv", "obsah": "Pohled na dům čp. 182 (škola u sv. Markéty) v Břevnově - průhledem bránou kláštera.", "autor": "Dub, Václav (dokumenty 1928-1983)", "datace": "1942", "zobrazeno": "43x", "xid": "285F7A1DBADA11E5A77074D435EEBE90", "rejstříkové záznamy": [{"typ": "Dílo", "obsah": "dům čp. 1 (Praha-Břevnov); klášter"}, {"typ": "Dílo", "obsah": "dům čp. 182 (Praha-Břevnov)"}, {"typ": "Místo", "obsah": "Břevnov"}, {"typ": "Osoba", "obsah": "Dub, Václav (dokumenty 1928-1983)"}]}