{"typ záznamu": "Archiválie", "signatura": "V 18/8 d", "druh": "pozitiv", "obsah": "Pohled do dvora továrny Pražských strojíren akc. spol. (dříve Ruston a spol.) - dům čp. 145 ve Švábkách v Libni.", "autor": "Eckert, Jindřich (1833-1905)", "datace": "kol.1895", "zobrazeno": "89x", "xid": "28A79DA68C1311E8A45074D435EEBE90", "rejstříkové záznamy": [{"typ": "Dílo", "obsah": "dům čp. 145 (Praha-Libeň); továrna Rustonka, Pražské strojírny a. s."}, {"typ": "Místo", "obsah": "Libeň"}, {"typ": "Místo", "obsah": "Švábky (Praha-Libeň)"}, {"typ": "Osoba", "obsah": "Eckert, Jindřich (1833-1905)"}]}