{"typ záznamu": "Archiválie", "signatura": "I 12117", "druh": "pohlednice", "obsah": "Celkový pohled na Fürstenberský palác (dům čp. 153) ve Valdštejnské ulici na Malé Straně. V pozadí Pražský hrad.", "autor": "Vojta, Tomáš (1885-1934)", "poznámka": "Autorství T. Vojty není jisté.", "zobrazeno": "39x", "xid": "28AEDA4A5A5A11E7A69B406186009F3A", "rejstříkové záznamy": [{"typ": "Dílo", "obsah": "dům čp. 153 (Praha-Malá Strana); Fürstenberský palác"}, {"typ": "Dílo", "obsah": "Pražský hrad (Praha-Hradčany)"}, {"typ": "Místo", "obsah": "Malá Strana"}, {"typ": "Místo", "obsah": "Valdštejnská ulice"}, {"typ": "Osoba", "obsah": "Vojta, Tomáš (1885-1934)"}]}