{"typ záznamu": "Archiválie", "signatura": "I 11372", "druh": "pozitiv", "obsah": "Průhled Ďáblickou ulicí před křižovatkou s ulicí Kosteleckou v Ďáblicích.", "autor": "Jelínková, Jana (1951-)", "datace": "1975", "zobrazeno": "59x", "xid": "28B5B1F4982311E5A73974D435EEBE90", "rejstříkové záznamy": [{"typ": "Dílo", "obsah": "hřiště"}, {"typ": "Místo", "obsah": "Ďáblice"}, {"typ": "Místo", "obsah": "Ďáblická ulice"}, {"typ": "Místo", "obsah": "Kostelecká ulice"}, {"typ": "Osoba", "obsah": "Jelínková, Jana (1951-)"}]}