{"typ záznamu": "Archiválie", "signatura": "I 11423", "druh": "pozitiv", "obsah": "Pohled na kapličku č. 6 poutní cesty do Hájku v Břevnově (dnes u mezi domy čp. 2083 a 2084). V pozadí původní cesta s kapličkou č. 5 a usedlostí Ladronka (dům čp. 1028 v Břevnově).", "autor": "Bernau, Karel, Ing. (1880-1948)", "datace": "2.1.1923", "zobrazeno": "73x", "xid": "28FDA322B84511E5AA08D4BED94BB14D", "rejstříkové záznamy": [{"typ": "Dílo", "obsah": "dům čp. 1028 (Praha-Břevnov); Ladronka"}, {"typ": "Dílo", "obsah": "kaplička č. 5 poutní cesty do hájku (Praha-Břevnov)"}, {"typ": "Dílo", "obsah": "kaplička č. 6 poutní cesty do Hájku (Praha-Břevnov)"}, {"typ": "Dílo", "obsah": "poutní cesta do Hájku"}, {"typ": "Místo", "obsah": "Břevnov"}, {"typ": "Osoba", "obsah": "Bernau, Karel, Ing. (1880-1948)"}]}