{"typ záznamu": "Archiválie", "signatura": "VIII 1642", "druh": "negativ", "obsah": "Bavorský les - pohled na Velké Javorské jezero a Jezerní stěnu (\"Grosser Arbersee und Arberseewand\"). Reprodukce fotografie.", "autor": "Eckert, Jindřich (1833-1905)", "datace": "kol.1890", "zobrazeno": "17x", "xid": "29264E519D1B11E2BF2E525400E46D25", "rejstříkové záznamy": [{"typ": "Místo", "obsah": "Bavorský les"}, {"typ": "Místo", "obsah": "Velké Javorské jezero"}, {"typ": "Osoba", "obsah": "Eckert, Jindřich (1833-1905)"}]}