{"typ záznamu": "Archiválie", "signatura": "IX 395 k", "druh": "negativ", "obsah": "Pohled na vyobrazení měsíců Josefa Mánesa (znamení Štír) na orloji Staroměstské radnice (dům čp. 1 na Starém Městě) na Staroměstském náměstí.", "zobrazeno": "23x", "xid": "2930A48990BA11E8B3B474D435EEBE90", "rejstříkové záznamy": [{"typ": "Dílo", "obsah": "dům čp. 1 (Staré Město, Praha, Česko : radnice : 1338-)"}, {"typ": "Dílo", "obsah": "Staroměstský orloj (Praha-Staré Město)"}, {"typ": "Místo", "obsah": "Staré Město (Praha)"}, {"typ": "Místo", "obsah": "Staroměstské náměstí"}]}