{"typ záznamu": "Archiválie", "signatura": "I 9599", "druh": "pozitiv", "obsah": "Povodeň v roce 1941 - pohled na vstupní portál Císařského mlýna (dům čp. 22) v Bubenči.", "autor": "Kropáček, Zdeněk", "datace": "8.4.1941", "zobrazeno": "54x", "xid": "29AC4A9499B211E1874B6C626D41E503", "rejstříkové záznamy": [{"typ": "Dílo", "obsah": "dům čp. 22 (Praha-Bubeneč); Císařský mlýn"}, {"typ": "Místo", "obsah": "Bubeneč"}, {"typ": "Místo", "obsah": "Vltava"}, {"typ": "Věc. objekt", "obsah": "události 1941"}]}