{"typ záznamu": "Archiválie", "signatura": "VIII 1679", "druh": "negativ", "obsah": "Pohled na zámek Děčín na skále nad soutokem Labe (v popředí) a Ploučnice.", "autor": "Eckert, Jindřich (1833-1905)", "datace": "kol.1880", "zobrazeno": "14x", "xid": "29D45A56BED911E2A393D4BED94BB14D", "rejstříkové záznamy": [{"typ": "Dílo", "obsah": "zámek Děčín"}, {"typ": "Místo", "obsah": ""}, {"typ": "Místo", "obsah": "Labe"}, {"typ": "Místo", "obsah": "Ploučnice"}, {"typ": "Osoba", "obsah": "Eckert, Jindřich (1833-1905)"}]}