{"typ záznamu": "Archiválie", "signatura": "I 11887", "druh": "pozitiv", "obsah": "Pohled na restauraci na ostrově Štvanice (dům čp. 858 v Holešovicích). V pozadí domek mýtného (dům čp. 859).", "datace": "8.10.1908", "zobrazeno": "40x", "xid": "29FDABDE819111E6B332406186009F3A", "rejstříkové záznamy": [{"typ": "Dílo", "obsah": "dům čp. 858 (Praha-Holešovice), restaurace"}, {"typ": "Dílo", "obsah": "dům čp. 859 (Praha-Holešovice), dům mýtného"}, {"typ": "Místo", "obsah": "Holešovice (Praha)"}, {"typ": "Místo", "obsah": "ostrov Štvanice"}]}