{"typ záznamu": "Archiválie", "signatura": "I 9836", "druh": "pozitiv", "obsah": "Celkový pohled na dům čp. 31 (budova statku) v Holešovicích. Vlevo Partyzánská (dnešní ) ulice.", "autor": "Hnilička, Eduard (1887-1967)", "datace": "1959", "zobrazeno": "53x", "xid": "2A078EC4787611E3BA46406186009F3A", "rejstříkové záznamy": [{"typ": "Dílo", "obsah": "dům čp. 31 (Praha-Holešovice)"}, {"typ": "Místo", "obsah": "Holešovice (Praha)"}, {"typ": "Osoba", "obsah": "Hnilička, Eduard (1887-1967)"}]}