{"typ záznamu": "Archiválie", "signatura": "VIII 1482", "druh": "negativ", "obsah": "Pohled do 1. dvora domu čp. 126 na Novém Městě v Ostrovní ulici - západní kout.", "autor": "Eckert, Jindřich (1833-1905)", "datace": "kol.1900", "zobrazeno": "12x", "xid": "2A1E54FC923111E2BF28525400E46D25", "rejstříkové záznamy": [{"typ": "Dílo", "obsah": "dům čp. 126 (Praha-Nové Město)"}, {"typ": "Místo", "obsah": "Nové Město (Praha)"}, {"typ": "Místo", "obsah": "Ostrovní ulice"}, {"typ": "Osoba", "obsah": "Eckert, Jindřich (1833-1905)"}]}