{"typ záznamu": "Archiválie", "signatura": "I 11608", "druh": "pozitiv", "obsah": "Pohled na stavbu plavební komory u ostrova Štvanice pod Negrelliho viaduktem.", "datace": "7.5.1909", "zobrazeno": "128x", "xid": "2A23EBA3F01311E5A521000C76270B94", "rejstříkové záznamy": [{"typ": "Dílo", "obsah": "Negrelliho viadukt; Karlínský"}, {"typ": "Místo", "obsah": "Holešovice (Praha)"}, {"typ": "Místo", "obsah": "Karlín (Praha)"}, {"typ": "Místo", "obsah": "ostrov Štvanice"}, {"typ": "Místo", "obsah": "Rohanský ostrov"}, {"typ": "Místo", "obsah": "Vltava"}, {"typ": "Věc. objekt", "obsah": "plavební komory"}]}