{"typ záznamu": "Archiválie", "signatura": "V 27/1 a", "druh": "pozitiv", "obsah": "Pohled na nároží Staroměstské radnice s arkýřem a s orlojem na Staroměstském náměstí (dům čp. 1 na Starém Městě).", "datace": "kol.1885", "zobrazeno": "30x", "xid": "2A2AC59CD0AB11EABE1F74D435EEBE90", "rejstříkové záznamy": [{"typ": "Dílo", "obsah": "dům čp. 1 (Staré Město, Praha, Česko : radnice : 1338-)"}, {"typ": "Místo", "obsah": "Staré Město (Praha)"}, {"typ": "Místo", "obsah": "Staroměstské náměstí"}]}