{"typ záznamu": "Archiválie", "signatura": "X 3911", "druh": "negativ", "obsah": "Pohled na domek vrátného (dům čp. 141 v Malešicích) u hlavního vjezdu do parku tzv. Jiráskovy vily v ulici Pod Táborem.", "autor": "Vopravil, Josef (1902-1972)", "datace": "14.4.1949", "zobrazeno": "39x", "xid": "2A3AE3B02CA811E69BD5406186009F3A", "rejstříkové záznamy": [{"typ": "Dílo", "obsah": "dům čp. 141 (Praha-Malešice)"}, {"typ": "Místo", "obsah": "Malešice (Praha)"}, {"typ": "Místo", "obsah": "ulice Pod Táborem"}, {"typ": "Osoba", "obsah": "Vopravil, Josef (1902-1972)"}]}