{"typ záznamu": "Archiválie", "signatura": "I 11444", "druh": "pozitiv", "obsah": "Průhled na Malé náměstí (Břevnovská ulice) s domem čp. 11 (hostinec U Žáby) a čp. 68 v Břevnově.", "autor": "Vojta, Tomáš (1885-1934)", "datace": "1925", "zobrazeno": "44x", "xid": "2A543A54B5FF11E58B3BD4BED94BB14D", "rejstříkové záznamy": [{"typ": "Dílo", "obsah": "dům čp. 11 (Praha-Břevnov)"}, {"typ": "Dílo", "obsah": "dům čp. 68 / BŘEVNOV"}, {"typ": "Místo", "obsah": "Břevnov"}, {"typ": "Místo", "obsah": "Břevnovská ulice"}, {"typ": "Osoba", "obsah": "Vojta, Tomáš (1885-1934)"}]}