{"typ záznamu": "Archiválie", "signatura": "VIII 1262", "druh": "negativ", "obsah": "Pohled na slavobránu na Václavském náměstí na Můstku s dekorací při příležitosti návštěvy císaře Františka Josefa I. v Praze. Za bránou je prázdné prostranství po zbořeném domě čp. 388, za ním část kostela sv. Havla.", "autor": "Eckert, Jindřich (1833-1905)", "datace": "červen 1901", "zobrazeno": "44x", "xid": "2A5CC82A7CE411E2BF1A525400E46D25", "rejstříkové záznamy": [{"typ": "Dílo", "obsah": "dům čp. 388 (Praha-Staré Město)"}, {"typ": "Dílo", "obsah": "kostel sv. Havla (Praha-Staré Město)"}, {"typ": "Místo", "obsah": "Nové Město (Praha)"}, {"typ": "Místo", "obsah": "Staré Město (Praha)"}, {"typ": "Místo", "obsah": "ulice Na Můstku"}, {"typ": "Místo", "obsah": "Václavské náměstí"}, {"typ": "Osoba", "obsah": "Eckert, Jindřich (1833-1905)"}, {"typ": "Věc. objekt", "obsah": "slavobrána při návštěvě císaře Františka Josefa I."}]}