{"typ záznamu": "Archiválie", "signatura": "I 11187", "druh": "pozitiv", "obsah": "Celkový pohled \"Faustův dům\" (dům čp. 502 na Novém Městě) na Karlově náměstí na Novém Městě.", "autor": "Vojta, Tomáš (1885-1934)", "poznámka": "Autorství T. Vojty není jisté.", "zobrazeno": "70x", "xid": "2A5D9817E44111E4BE0074D435EEBE90", "rejstříkové záznamy": [{"typ": "Dílo", "obsah": "dům čp. 502 (Praha-Nové Město); Faustův dům"}, {"typ": "Místo", "obsah": "Karlovo náměstí"}, {"typ": "Osoba", "obsah": "Vojta, Tomáš (1885-1934)"}]}