{"typ záznamu": "Archiválie", "signatura": "I 11056", "druh": "pozitiv", "obsah": "Celkový pohled na dům čp. 990 (škola) na nároží Janovského ulice a Strossmayerova náměstí. Vlevo část nároží domu čp. 978, vpravo malá část kostela sv. Antonína v Holešovicích.", "autor": "Alexander, Antonín (1892-působnost do 1948)", "datace": "31.8.1937", "zobrazeno": "69x", "xid": "2A83AF33698411E49A11406186009F3A", "rejstříkové záznamy": [{"typ": "Dílo", "obsah": "dům čp. 978 / HOLEŠOVICE"}, {"typ": "Dílo", "obsah": "dům čp. 990 (Praha-Holešovice)"}, {"typ": "Místo", "obsah": "Holešovice (Praha)"}, {"typ": "Místo", "obsah": "Strossmayerovo náměstí"}, {"typ": "Místo", "obsah": "ulice Janovského"}, {"typ": "Osoba", "obsah": "Alexander, Antonín (1892-působnost do 1948)"}]}