{"typ záznamu": "Archiválie", "signatura": "I 11475", "druh": "pozitiv", "obsah": "Pohled na kapličku č. 1 poutní cesty do Hájku v Břevnově u Bělohorské ulice.", "autor": "Hnilička, Eduard (1887-1967)", "datace": "4.4.1959", "zobrazeno": "40x", "xid": "2AA82424C33E11E593B5406186009F3A", "rejstříkové záznamy": [{"typ": "Dílo", "obsah": "kaplička č. 1 poutní cesty do Hájku (Praha-Břevnov)"}, {"typ": "Dílo", "obsah": "poutní cesta do Hájku"}, {"typ": "Místo", "obsah": "Bělohorská ulice"}, {"typ": "Místo", "obsah": "Břevnov"}, {"typ": "Osoba", "obsah": "Hnilička, Eduard (1887-1967)"}]}