{"typ záznamu": "Archiválie", "signatura": "I 9815", "druh": "pozitiv", "obsah": "Celkový pohled na kostel Zesnutí přesvaté Bohorodice na Olšanských hřbitovech na Žižkově při závěrečných stavebních úpravách (schodiště).", "autor": "Vojta, Tomáš (1885-1934)", "datace": "1925", "zobrazeno": "92x", "xid": "2AF0F805510111E38E526C626D41E503", "rejstříkové záznamy": [{"typ": "Dílo", "obsah": "kostel Zesnutí přesvaté Bohorodice (Praha-Žižkov)"}, {"typ": "Místo", "obsah": "Olšanské hřbitovy (Praha-Žižkov)"}, {"typ": "Místo", "obsah": "Žižkov (Praha)"}, {"typ": "Osoba", "obsah": "Vojta, Tomáš (1885-1934)"}]}