{"typ záznamu": "Archiválie", "signatura": "IX 3981", "druh": "negativ", "obsah": "Pohled do bývalého bohnického parku. V pozadí zámeček v Bohnicích (dům čp. 14).", "autor": "Almer, Jan, Ing. arch. (1882-1960)", "datace": "29.3.1909", "zobrazeno": "15x", "xid": "2b45b340e7724efaa79016ac6cabc521", "rejstříkové záznamy": [{"typ": "Dílo", "obsah": "dům čp. 603 (Praha-Staré Město)"}, {"typ": "Dílo", "obsah": "dům čp. 604 (Praha-Staré Město)"}, {"typ": "Dílo", "obsah": "dům čp. 605 (Praha-Staré Město)"}, {"typ": "Dílo", "obsah": "dům čp. 606 (Praha-Staré Město); palác Kinských"}, {"typ": "Dílo", "obsah": "kostel Panny Marie před Týnem (Praha, Česko : kostel)"}, {"typ": "Dílo", "obsah": "mariánský sloup na Staroměstském náměstí"}, {"typ": "Místo", "obsah": "Staré Město (Praha)"}, {"typ": "Místo", "obsah": "Staroměstské náměstí"}, {"typ": "Osoba", "obsah": "Klíma, Alois, Ing. (1873-1955)"}]}